Spieler,datum_transfer,Restvertrag.in.Monaten...12,abloese,marktwert_zeitpunkt,factor,year
Roque Santa Cruz,2015-01-02,"1,42",1500000,2000000,1.3333333333333333,2015
Alou Diarra,2012-08-10,"1,83",2500000,5000000,2,2012
György Garics,2010-08-11,"1,83",3000000,2700000,0.9,2010
Martín Demichelis,2011-01-01,"1,42",3000000,8000000,2.6666666666666665,2011
Lucas Neill,2010-01-13,"1,42",840000,4800000,5.714285714285714,2010
Gary O'Neil,2011-01-25,"1,42",2900000,2750000,0.9482758620689655,2011
Stewart Downing,2015-07-16,"1,92",7900000,6000000,0.759493670886076,2015
Rafael van der Vaart,2012-08-31,"1,75",13000000,24500000,1.8846153846153846,2012
Carlos Tevez,2017-01-01,"1,42",10500000,8500000,0.8095238095238095,2017
Aaron Hunt,2015-08-31,"1,75",3000000,3500000,1.1666666666666667,2015
Niklas Moisander,2012-08-21,"1,83",4000000,5000000,1.25,2012
Niklas Moisander,2016-07-09,"1,92",1700000,3000000,1.7647058823529411,2016
Rod Fanni,2010-12-16,"1,50",4000000,7500000,1.875,2010
Jérémy Toulalan,2011-07-01,"1,92",11000000,18000000,1.6363636363636365,2011
Jérémy Toulalan,2013-07-06,"1,92",5000000,15000000,3,2013
Michael Essien,2014-01-25,"1,42",500000,7500000,15,2014
Alberto Gilardino,2014-07-12,"1,92",5500000,5000000,0.9090909090909091,2014
Mauricio Pinilla,2012-07-02,"1,92",3200000,4000000,1.25,2012
Mauricio Pinilla,2014-08-07,"1,83",2000000,3200000,1.6,2014
Mauricio Pinilla,2015-01-08,"1,42",2000000,2200000,1.1,2015
Mario Gómez,2018-01-01,"1,42",3000000,6000000,2,2018
Henri Bedimo,2013-08-01,"1,83",2000000,3500000,1.75,2013
Xabi Alonso,2014-08-29,"1,83",9000000,8000000,0.8888888888888888,2014
Pepe Reina,2014-08-08,"1,83",3000000,9000000,3,2014
Pepe Reina,2015-07-01,"1,92",2000000,4000000,2,2015
Jonathan Soriano,2017-02-26,"1,33",15000000,6000000,0.4,2017
David Villa,2013-07-08,"1,92",2100000,12000000,5.714285714285714,2013
Oier Olazábal,2020-01-31,"1,33",1500000,2000000,1.3333333333333333,2020
Cesc Fàbregas,2014-07-01,"1,92",33000000,50000000,1.5151515151515151,2014
Rui Fonte,2017-08-17,"1,83",6872000,3000000,0.43655413271245636,2017
David Marshall,2016-08-30,"1,83",4100000,2500000,0.6097560975609756,2016
Almen Abdi,2016-07-28,"1,92",3600000,3500000,0.9722222222222222,2016
Luiz Gustavo,2019-09-02,"1,75",6000000,10000000,1.6666666666666667,2019
Ramiro Funes Mori,2015-09-01,"1,75",12900000,6000000,0.46511627906976744,2015
Ramiro Funes Mori,2018-07-01,"1,92",9000000,10000000,1.1111111111111112,2018
Michel Bastos,2013-08-01,"1,83",4000000,7000000,1.75,2013
Éver Banega,2017-07-03,"1,92",7000000,16000000,2.2857142857142856,2017
Bruno Alves,2013-07-01,"1,92",5500000,6500000,1.1818181818181819,2013
Tom Huddlestone,2013-08-14,"1,83",5800000,4500000,0.7758620689655172,2013
Wayne Routledge,2011-08-04,"1,83",3250000,3000000,0.9230769230769231,2011
Raúl Albiol,2019-07-04,"1,92",5000000,5000000,1,2019
Robinho,2010-08-31,"1,75",21000000,28000000,1.3333333333333333,2010
Matt Jarvis,2016-01-02,"1,42",3400000,3000000,0.8823529411764706,2016
Ryan Babel,2011-01-25,"1,42",7000000,6500000,0.9285714285714286,2011
Dante,2015-08-30,"1,83",4500000,6000000,1.3333333333333333,2015
Dante,2016-08-23,"1,83",2500000,2000000,0.8,2016
Rouwen Hennings,2015-08-14,"1,83",2500000,1500000,0.6,2015
Kevin-Prince Boateng,2013-08-30,"1,83",10000000,15000000,1.5,2013
Kevin-Prince Boateng,2019-07-31,"1,83",1500000,7000000,4.666666666666667,2019
Jérémy Ménez,2017-07-01,"1,92",1500000,6000000,4,2017
Michele Pazienza,2012-08-30,"1,83",300000,4000000,13.333333333333334,2012
Sébastien Pocognoli,2014-07-12,"1,92",1500000,2500000,1.6666666666666667,2014
Álvaro Negredo,2015-07-01,"1,92",28000000,22000000,0.7857142857142857,2015
Álvaro Negredo,2017-08-04,"1,83",2500000,7500000,3,2017
Samir Nasri,2017-08-21,"1,83",3500000,16000000,4.571428571428571,2017
Gökhan Inler,2011-07-11,"1,92",18000000,15000000,0.8333333333333334,2011
Raffael,2012-07-27,"1,92",9000000,7500000,0.8333333333333334,2012
Javier Mascherano,2010-08-28,"1,83",20000000,26000000,1.3,2010
Javier Mascherano,2018-01-26,"1,42",5500000,6000000,1.0909090909090908,2018
Matías Silvestre,2013-07-01,"1,92",6000000,6000000,1,2013
Papu Gómez,2010-07-21,"1,42",2500000,2500000,1,2010
Gelson Fernandes,2014-08-04,"1,83",1600000,3000000,1.875,2014
José Sosa,2016-08-17,"1,83",7500000,8000000,1.0666666666666667,2016
Arda Turan,2015-07-06,"1,92",34000000,35000000,1.0294117647058822,2015
Mounir El Hamdaoui,2012-07-11,"1,92",800000,4000000,5,2012
Filipe Luís,2015-07-28,"1,92",16000000,15000000,0.9375,2015
Valon Behrami,2015-07-11,"1,92",3500000,3500000,1,2015
Luca Rigoni,2016-01-04,"1,42",500000,4000000,8,2016
Bafétimbi Gomis,2018-08-23,"1,83",6000000,4500000,0.75,2018
Robert Snodgrass,2017-01-27,"1,42",12000000,5000000,0.4166666666666667,2017
Emil Hallfreðsson,2016-01-30,"1,42",1000000,3000000,3,2016
Guly,2011-01-01,"1,42",600000,2300000,3.8333333333333335,2011
Javier Garrido,2013-07-01,"1,92",1500000,2000000,1.3333333333333333,2013
Steve Mandanda,2017-07-11,"1,92",3000000,8000000,2.6666666666666665,2017
Jérémy Perbet,2017-07-01,"1,92",1000000,2000000,2,2017
Martin Skrtel,2016-07-15,"1,92",6000000,10000000,1.6666666666666667,2016
Claudiu Keseru,2015-02-18,"1,33",2400000,4000000,1.6666666666666667,2015
Claudiu Keseru,2015-08-13,"1,83",1000000,4000000,4,2015
Matteo Contini,2010-07-08,"1,92",2300000,2400000,1.0434782608695652,2010
Michael Kightly,2014-07-01,"1,92",1900000,2700000,1.4210526315789473,2014
Roy Beerens,2018-01-31,"1,33",1000000,1500000,1.5,2018
Zdravko Kuzmanovic,2015-07-01,"1,92",2000000,3000000,1.5,2015
Nikica Jelavic,2015-09-01,"1,75",4100000,6500000,1.5853658536585367,2015
Nikica Jelavic,2016-02-15,"1,33",1115000,4000000,3.587443946188341,2016
Nikica Jelavic,2018-01-01,"1,92",3300000,3000000,0.9090909090909091,2018
Emir Spahic,2013-07-01,"1,92",400000,3000000,7.5,2013
Mauro Zárate,2016-01-21,"1,42",2100000,3000000,1.4285714285714286,2016
Mauro Zárate,2017-01-25,"1,42",2750000,2000000,0.7272727272727273,2017
Jérôme Boateng,2010-07-01,"1,92",12500000,15000000,1.2,2010
Sidnei,2018-08-02,"1,83",4500000,4000000,0.8888888888888888,2018
Kévin Gameiro,2013-07-25,"1,92",7500000,10000000,1.3333333333333333,2013
Kévin Gameiro,2018-08-12,"1,83",16000000,20000000,1.25,2018
Clint Dempsey,2013-08-03,"1,83",6800000,10000000,1.4705882352941178,2013
Max Gradel,2015-08-04,"1,83",10000000,6500000,0.65,2015
Max Gradel,2018-07-01,"1,92",2000000,7000000,3.5,2018
José Manuel Jurado,2015-07-22,"1,92",8600000,7000000,0.813953488372093,2015
José Manuel Jurado,2016-07-05,"1,92",1200000,7000000,5.833333333333333,2016
Edin Dzeko,2016-07-01,"1,92",11000000,18000000,1.6363636363636365,2016
Gonzalo Castro,2018-07-01,"1,92",5000000,8000000,1.6,2018
Christopher Samba,2013-01-31,"1,83",15000000,15000000,1,2013
João Moutinho,2013-07-01,"1,92",25000000,30000000,1.2,2013
João Moutinho,2018-07-24,"1,92",5600000,10000000,1.7857142857142858,2018
Yohan Cabaye,2015-07-01,"1,92",13900000,16000000,1.1510791366906474,2015
Jakub Blaszczykowski,2016-08-01,"1,83",5000000,7000000,1.4,2016
Óscar Trejo,2011-07-01,"1,92",1000000,1500000,1.5,2011
Marc Wilson,2016-08-15,"1,83",2300000,3000000,1.3043478260869565,2016
Vurnon Anita,2012-08-16,"1,83",8500000,6000000,0.7058823529411765,2012
Maxi Moralez,2016-01-01,"1,42",5000000,5000000,1,2016
Chu-young Park,2011-08-30,"1,83",6500000,7000000,1.0769230769230769,2011
Zlatko Junuzovic,2012-01-27,"1,42",800000,2500000,3.125,2012
Jonathan de Guzmán,2014-08-20,"1,83",6000000,10000000,1.6666666666666667,2014
Martin Harnik,2018-07-01,"1,92",2250000,3000000,1.3333333333333333,2018
Andreas Beck,2015-07-04,"1,92",1750000,3500000,2,2015
Assani Lukimya,2016-01-26,"1,42",2000000,1250000,0.625,2016
Luca Cigarini,2013-07-01,"1,92",4200000,7500000,1.7857142857142858,2013
Luca Cigarini,2016-07-20,"1,92",3500000,5000000,1.4285714285714286,2016
Luca Cigarini,2017-07-01,"1,92",2260000,2000000,0.8849557522123894,2017
Gervinho,2016-01-26,"1,42",18000000,15000000,0.8333333333333334,2016
Kevin Mirallas,2012-08-19,"1,83",7650000,6500000,0.8496732026143791,2012
Nani,2016-07-05,"1,92",8500000,14500000,1.7058823529411764,2016
Theo Walcott,2018-01-17,"1,42",22500000,20000000,0.8888888888888888,2018
Alex Smithies,2018-07-01,"1,92",4000000,3000000,0.75,2018
José Fonte,2017-01-20,"1,42",9200000,6000000,0.6521739130434783,2017
José Fonte,2018-02-23,"1,33",5572000,5000000,0.8973438621679828,2018
Asmir Begovic,2017-07-01,"1,92",11500000,8000000,0.6956521739130435,2017
Blaise Matuidi,2011-07-25,"1,92",8000000,8000000,1,2011
Sébastien Bassong,2012-08-21,"1,83",3000000,4500000,1.5,2012
David Nugent,2017-01-09,"1,42",2900000,3500000,1.206896551724138,2017
Sokratis,2010-07-20,"1,92",4500000,5000000,1.1111111111111112,2010
Sokratis,2011-07-01,"1,92",4000000,5000000,1.25,2011
Sokratis,2012-07-01,"1,92",3500000,10000000,2.857142857142857,2012
Birkir Bjarnason,2017-01-25,"1,42",2000000,3000000,1.5,2017
Adriano,2010-07-14,"1,92",9500000,20000000,2.1052631578947367,2010
Ivan Vargic,2016-02-01,"1,33",2600000,1500000,0.5769230769230769,2016
Konstantinos Mitroglou,2016-07-01,"1,92",7000000,9500000,1.3571428571428572,2016
Burak Yilmaz,2019-01-04,"1,42",1360000,3500000,2.573529411764706,2019
Axel Witsel,2018-08-06,"1,33",20000000,20000000,1,2018
Stefan Aigner,2016-07-30,"1,92",3000000,3750000,1.25,2016
Vieirinha,2012-01-03,"1,42",4000000,8000000,2,2012
Marko Marin,2020-01-05,"1,42",2250000,6000000,2.6666666666666665,2020
Lewis Grabban,2016-01-11,"1,42",9350000,3000000,0.32085561497326204,2016
Felipe Melo,2013-08-07,"1,83",3750000,11000000,2.933333333333333,2013
Fernando Llorente,2016-08-05,"1,83",5900000,6000000,1.0169491525423728,2016
Robert Acquafresca,2012-07-01,"1,92",3250000,3500000,1.0769230769230769,2012
Fabio Ceravolo,2019-09-02,"1,75",1290000,1500000,1.1627906976744187,2019
Cameron Jerome,2018-01-16,"1,42",1700000,2500000,1.4705882352941178,2018
Dusan Tadic,2018-07-03,"1,92",13700000,15000000,1.094890510948905,2018
Max Kruse,2015-07-01,"1,92",12000000,12000000,1,2015
Simon Terodde,2018-01-01,"1,42",3000000,3000000,1,2018
Javi García,2017-08-14,"1,83",1500000,7000000,4.666666666666667,2017
Nikola Kalinic,2011-08-12,"1,83",6000000,4500000,0.75,2011
Graham Dorrans,2015-07-01,"1,92",4100000,2000000,0.4878048780487805,2015
Graham Dorrans,2017-07-06,"1,92",1500000,3500000,2.3333333333333335,2017
Kyle Lafferty,2013-07-01,"1,92",2600000,2500000,0.9615384615384616,2013
Roberto,2016-07-01,"1,92",3000000,5000000,1.6666666666666667,2016
Dimitri Payet,2013-07-01,"1,92",8700000,15000000,1.7241379310344827,2013
Dimitri Payet,2015-07-01,"1,92",15000000,13000000,0.8666666666666667,2015
Arturo Vidal,2015-07-28,"1,92",39250000,42000000,1.070063694267516,2015
Mevlüt Erdinc,2013-09-01,"1,75",4500000,6000000,1.3333333333333333,2013
Mevlüt Erdinc,2015-07-17,"1,92",3300000,4000000,1.2121212121212122,2015
Vadis Odjidja-Ofoe,2014-08-29,"1,83",5000000,5000000,1,2014
Vadis Odjidja-Ofoe,2018-07-21,"1,92",2200000,2500000,1.1363636363636365,2018
Jeremain Lens,2015-07-15,"1,92",11400000,12000000,1.0526315789473684,2015
Marek Hamsik,2019-02-14,"1,33",20000000,30000000,1.5,2019
Tomas Pekhart,2011-07-01,"1,92",2000000,1600000,0.8,2011
Benedikt Höwedes,2018-07-31,"1,83",5000000,9000000,1.8,2018
Fredy Guarín,2016-01-27,"1,42",13000000,10500000,0.8076923076923077,2016
Sebastian Langkamp,2018-01-31,"1,33",1000000,3000000,3,2018
Augusto Fernández,2018-01-31,"1,33",4500000,4000000,0.8888888888888888,2018
Gonzalo Higuaín,2016-07-26,"1,92",90000000,65000000,0.7222222222222222,2016
Tunay Torun,2014-01-06,"1,42",500000,1500000,3,2014
Caner Erkin,2017-07-01,"1,92",750000,4500000,6,2017
Marouane Fellaini,2019-02-01,"1,33",7200000,15000000,2.0833333333333335,2019
Mats Hummels,2019-07-01,"1,92",30500000,35000000,1.1475409836065573,2019
Sandro Wagner,2019-01-30,"1,42",5000000,8000000,1.6,2019
Ivan Strinic,2017-08-31,"1,75",1200000,4500000,3.75,2017
Leandro Greco,2015-07-01,"1,92",300000,2800000,9.333333333333334,2015
Rudy Gestede,2015-07-31,"1,83",8500000,3500000,0.4117647058823529,2015
Demba Ba,2013-01-04,"1,42",8500000,15000000,1.7647058823529411,2013
Demba Ba,2014-07-18,"1,92",6000000,11000000,1.8333333333333333,2014
Borja Valero,2017-07-10,"1,92",6500000,9000000,1.3846153846153846,2017
Claudio Bravo,2016-08-25,"1,83",18000000,15000000,0.8333333333333334,2016
Alexis Sánchez,2014-07-10,"1,92",42500000,30000000,0.7058823529411765,2014
Sven Ulreich,2015-07-01,"1,92",3500000,4500000,1.2857142857142858,2015
Mathieu Valbuena,2015-08-11,"1,83",6000000,11500000,1.9166666666666667,2015
Jose Cholevas,2015-07-02,"1,92",2500000,2000000,0.8,2015
Nicolás Pareja,2010-07-30,"1,92",10000000,6000000,0.6,2010
Nicolás Pareja,2014-07-01,"1,92",2500000,2500000,1,2014
Ricky van Wolfswinkel,2017-07-01,"1,92",3500000,3500000,1,2017
Darron Gibson,2017-01-30,"1,42",2500000,1500000,0.6,2017
Ivan Perisic,2015-08-30,"1,83",19000000,13000000,0.6842105263157895,2015
Toby Alderweireld,2015-07-08,"1,92",16000000,15000000,0.9375,2015
Mehdi Carcela-González,2013-08-31,"1,75",1000000,4500000,4.5,2013
Mehdi Carcela-González,2018-07-01,"1,92",2500000,3500000,1.4,2018
Sven Kums,2020-07-01,"1,92",1500000,2500000,1.6666666666666667,2020
André Hahn,2014-07-01,"1,92",2250000,5000000,2.2222222222222223,2014
Nils Petersen,2015-07-01,"1,92",2800000,1750000,0.625,2015
Ervin Zukanovic,2013-01-01,"1,42",625000,1300000,2.08,2013
Ervin Zukanovic,2015-07-01,"1,92",1000000,2500000,2.5,2015
Esteban Granero,2014-07-27,"1,92",4000000,5000000,1.25,2014
Miralem Pjanic,2016-07-01,"1,92",32000000,35000000,1.09375,2016
Cédric Mongongu,2011-08-29,"1,83",500000,4000000,8,2011
Sebastian Rode,2016-07-01,"1,92",12000000,8000000,0.6666666666666666,2016
Giovani dos Santos,2015-07-15,"1,92",6350000,9000000,1.4173228346456692,2015
Itay Shechter,2013-07-01,"1,92",500000,1500000,3,2013
Diego Costa,2018-01-01,"1,42",60000000,50000000,0.8333333333333334,2018
Dame N'Doye,2015-08-10,"1,83",3150000,7000000,2.2222222222222223,2015
Loïc Rémy,2010-08-19,"1,83",15500000,12000000,0.7741935483870968,2010
Medhi Benatia,2017-07-01,"1,92",16700000,15000000,0.8982035928143712,2017
Medhi Benatia,2019-01-28,"1,42",8000000,15000000,1.875,2019
Valentin Stocker,2014-07-01,"1,92",4000000,7000000,1.75,2014
Grzegorz Krychowiak,2019-07-03,"1,92",12000000,18000000,1.5,2019
Gabriel Mercado,2016-08-01,"1,33",2500000,4500000,1.8,2016
Adrián López,2014-07-12,"1,92",11000000,8000000,0.7272727272727273,2014
André Ayew,2018-01-31,"1,33",22800000,18000000,0.7894736842105263,2018
Wayne Hennessey,2014-01-31,"1,33",3650000,2500000,0.684931506849315,2014
Joel Obi,2015-07-02,"1,92",2200000,2000000,0.9090909090909091,2015
Martin Hansen,2016-07-01,"1,92",950000,1500000,1.5789473684210527,2016
Martin Hansen,2018-07-17,"1,92",250000,1250000,5,2018
Cenk Tosun,2018-01-05,"1,42",22500000,10500000,0.4666666666666667,2018
Glenn Murray,2015-09-01,"1,75",5400000,2500000,0.46296296296296297,2015
Glenn Murray,2017-01-31,"1,33",3500000,3500000,1,2017
Jason Pearce,2015-01-30,"1,42",400000,1200000,3,2015
Ivan Santini,2019-07-29,"1,92",5000000,3500000,0.7,2019
Federico Melchiorri,2015-07-01,"1,92",2000000,2000000,1,2015
Stevan Jovetic,2017-01-03,"1,42",13500000,10000000,0.7407407407407407,2017
Stevan Jovetic,2017-08-29,"1,83",10500000,10000000,0.9523809523809523,2017
Ljubomir Fejsa,2013-08-24,"1,83",4500000,2500000,0.5555555555555556,2013
Nikola Djurdjic,2020-01-24,"1,92",450000,1200000,2.6666666666666665,2020
Ante Budimir,2016-07-01,"1,92",1000000,3000000,3,2016
Ante Budimir,2018-07-01,"1,92",1700000,1500000,0.8823529411764706,2018
Hrvoje Milic,2016-08-16,"1,83",1000000,1300000,1.3,2016
Ragnar Sigurdsson,2014-01-23,"1,42",4250000,1750000,0.4117647058823529,2014
Ragnar Sigurdsson,2016-08-23,"1,83",4700000,6000000,1.2765957446808511,2016
Andrej Kramaric,2016-07-01,"1,92",11000000,5000000,0.45454545454545453,2016
David Luiz,2016-08-31,"1,75",35000000,28000000,0.8,2016
David Luiz,2019-08-08,"1,83",8700000,20000000,2.2988505747126435,2019
Jagos Vukovic,2017-07-13,"1,92",2000000,3000000,1.5,2017
Teemu Pukki,2015-07-01,"1,92",675000,2000000,2.962962962962963,2015
Nenad Tomović,2018-07-01,"1,92",1300000,1500000,1.1538461538461537,2018
Gabriel Torje,2011-08-30,"1,83",5000000,4500000,0.9,2011
Eren Derdiyok,2014-07-01,"1,92",2500000,2500000,1,2014
Lukas Hradecky,2015-08-07,"1,83",2500000,1250000,0.5,2015
Simon Kjaer,2015-07-01,"1,92",7650000,8000000,1.0457516339869282,2015
Simon Kjaer,2017-07-31,"1,83",12500000,11000000,0.88,2017
Jonas Lössl,2016-07-01,"1,92",2500000,2500000,1,2016
Albin Ekdal,2010-08-13,"1,83",2400000,3000000,1.25,2010
James Perch,2015-07-31,"1,83",1400000,1500000,1.0714285714285714,2015
Elias Kachunga,2017-07-01,"1,92",1300000,3500000,2.6923076923076925,2017
Christian Benteke,2015-07-22,"1,92",46500000,20000000,0.43010752688172044,2015
Eden Hazard,2012-07-01,"1,92",35000000,33000000,0.9428571428571428,2012
Simon Mignolet,2013-07-01,"1,92",10600000,5500000,0.5188679245283019,2013
Simon Mignolet,2019-08-05,"1,83",7000000,8000000,1.1428571428571428,2019
Tim Matavz,2014-07-04,"1,92",4000000,5000000,1.25,2014
Yohan Benalouane,2010-08-31,"1,75",1100000,2200000,2,2010
Anthony Modeste,2010-08-13,"1,83",3500000,2300000,0.6571428571428571,2010
Héctor Moreno,2017-07-01,"1,92",5700000,8000000,1.4035087719298245,2017
Ignacio Scocco,2014-01-30,"1,50",3650000,6000000,1.643835616438356,2014
Ignacio Scocco,2017-07-01,"1,92",2600000,2500000,0.9615384615384616,2017
Adil Rami,2015-07-01,"1,92",2500000,8000000,3.2,2015
Adil Rami,2017-07-13,"1,92",6000000,5000000,0.8333333333333334,2017
Aleksandar Mitrovic,2018-07-30,"1,92",24700000,15000000,0.6072874493927125,2018
Fernando Reges,2017-08-04,"1,83",6000000,10000000,1.6666666666666667,2017
Carlos Sánchez,2014-08-15,"1,83",6000000,4000000,0.6666666666666666,2014
Darren Randolph,2020-01-15,"1,42",4700000,4500000,0.9574468085106383,2020
Raúl Bobadilla,2012-01-26,"1,42",1500000,2500000,1.6666666666666667,2012
Mateo Kovacic,2019-07-01,"1,92",45000000,35000000,0.7777777777777778,2019
Sergio Asenjo,2014-07-01,"1,92",5000000,5000000,1,2014
Zanka,2014-07-07,"1,92",700000,1500000,2.142857142857143,2014
Georges Mandjeck,2017-07-18,"1,92",1300000,1250000,0.9615384615384616,2017
Gonzalo Bergessio,2011-08-29,"1,83",1900000,3000000,1.5789473684210527,2011
Joaquín Larrivey,2015-07-22,"1,92",2000000,4000000,2,2015
Fraser Forster,2014-08-09,"1,83",12500000,4500000,0.36,2014
James Troisi,2014-07-01,"1,92",2000000,1200000,0.6,2014
Fabian Frei,2018-01-01,"1,42",1500000,2250000,1.5,2018
Nill De Pauw,2017-07-01,"1,92",350000,1750000,5,2017
Hernanes,2017-02-09,"1,33",8000000,5000000,0.625,2017
Marcelo,2016-07-01,"1,92",2000000,4000000,2,2016
Philipp Wollscheid,2015-07-01,"1,92",3800000,5000000,1.3157894736842106,2015
Evandro,2017-01-13,"1,42",2500000,2000000,0.8,2017
Jay Rodríguez,2017-07-02,"1,92",13700000,10000000,0.7299270072992701,2017
Dominick Drexler,2018-07-01,"1,92",2500000,2500000,1,2018
Jonathan Cristaldo,2014-08-13,"1,33",3500000,3000000,0.8571428571428571,2014
Mariano,2012-01-01,"1,92",3000000,3500000,1.1666666666666667,2012
Sebastián Blanco,2017-02-02,"1,33",4600000,4200000,0.9130434782608695,2017
Miguel de las Cuevas,2013-07-01,"1,92",1200000,2500000,2.0833333333333335,2013
Nicolás Otamendi,2020-09-29,"1,75",15000000,14500000,0.9666666666666667,2020
Álvaro Pereira,2012-08-27,"1,83",10000000,16000000,1.6,2012
Matteo Darmian,2015-07-11,"1,92",18000000,12000000,0.6666666666666666,2015
Matteo Darmian,2021-07-01,"1,92",2500000,7000000,2.8,2021
Diego Godín,2010-08-04,"1,83",8000000,12000000,1.5,2010
Diego Perotti,2016-07-01,"1,92",9000000,12000000,1.3333333333333333,2016
Ciprian Tatarusanu,2017-07-27,"1,92",2500000,4000000,1.6,2017
Ciprian Tatarusanu,2020-09-11,"1,75",500000,1200000,2.4,2020
Nordin Amrabat,2015-08-05,"1,83",3500000,6000000,1.7142857142857142,2015
Ritchie De Laet,2016-08-23,"1,83",2300000,2000000,0.8695652173913043,2016
Henrikh Mkhitaryan,2013-07-09,"1,92",27500000,22000000,0.8,2013
Cristian Ansaldi,2013-08-05,"1,33",8000000,10000000,1.25,2013
Pablo Pérez,2015-09-01,"1,75",1200000,1500000,1.25,2015
Pablo Pérez,2019-01-21,"1,42",900000,1500000,1.6666666666666667,2019
Leonel Vangioni,2017-07-21,"1,92",1700000,2000000,1.1764705882352942,2017
Daniel Candeias,2017-07-01,"1,92",800000,1400000,1.75,2017
Enzo Pérez,2015-01-02,"1,42",25000000,23000000,0.92,2015
Enzo Pérez,2017-07-01,"1,92",2500000,8000000,3.2,2017
Pablo Piatti,2017-07-01,"1,92",1300000,6000000,4.615384615384615,2017
Bas Dost,2019-08-26,"1,83",7000000,17000000,2.4285714285714284,2019
Bas Dost,2021-01-04,"1,42",4000000,5500000,1.375,2021
Oliver Kragl,2018-07-01,"1,92",400000,1300000,3.25,2018
Morgan Schneiderlin,2015-07-13,"1,92",35000000,28000000,0.8,2015
Sebastian Rudy,2018-08-27,"1,83",16000000,15000000,0.9375,2018
Péter Gulácsi,2015-07-01,"1,92",3000000,1750000,0.5833333333333334,2015
Jack Rodwell,2012-08-12,"1,83",15000000,15000000,1,2012
Sofiane Feghouli,2017-08-14,"1,83",4250000,12000000,2.823529411764706,2017
Lamine Koné,2016-01-27,"1,42",6500000,2500000,0.38461538461538464,2016
Lamine Koné,2019-07-01,"1,92",1500000,3000000,2,2019
Iván Marcano,2014-08-11,"1,83",2650000,4000000,1.509433962264151,2014
Iván Marcano,2019-07-11,"1,92",2925000,4000000,1.3675213675213675,2019
Jorge Molina,2010-07-01,"1,92",1600000,1200000,0.75,2010
Apoño,2012-08-03,"1,83",1000000,3000000,3,2012
Julian Schieber,2014-07-03,"1,92",2500000,2500000,1,2014
André Schürrle,2011-07-01,"1,92",8500000,12500000,1.4705882352941178,2011
Jonathas,2017-08-22,"1,83",9000000,7000000,0.7777777777777778,2017
Lucas Barrios,2012-07-01,"1,92",8500000,10000000,1.1764705882352942,2012
Miguel Layún,2018-07-11,"1,92",4000000,5000000,1.25,2018
Claudio Beauvue,2015-07-01,"1,92",6000000,5000000,0.8333333333333334,2015
Ignacio Camacho,2017-07-08,"1,92",14000000,10000000,0.7142857142857143,2017
Yevgen Konoplyanka,2017-07-01,"1,92",12500000,10000000,0.8,2017
Roman Bürki,2014-07-01,"1,92",1800000,2500000,1.3888888888888888,2014
Aleksandar Dragovic,2016-08-23,"1,83",21000000,15000000,0.7142857142857143,2016
Christoph Knasmüllner,2018-07-01,"1,92",550000,1500000,2.727272727272727,2018
Cristhian Stuani,2017-07-21,"1,92",2500000,3500000,1.4,2017
Diego Mariño,2016-07-01,"1,92",200000,1500000,7.5,2016
David de Gea,2011-07-01,"1,92",25000000,12000000,0.48,2011
Maciej Rybus,2017-07-19,"1,92",1750000,3500000,2,2017
Nacer Chadli,2016-08-29,"1,83",15200000,13000000,0.8552631578947368,2016
Nacer Chadli,2018-08-30,"1,83",12000000,15000000,1.25,2018
Franco Di Santo,2010-08-31,"1,75",2400000,2500000,1.0416666666666667,2010
Luca Rossettini,2016-08-16,"1,83",1980000,2000000,1.0101010101010102,2016
Marcos Acuña,2017-07-21,"1,42",9585000,7000000,0.7303077725612936,2017
Jonathan dos Santos,2017-07-28,"1,92",4300000,8000000,1.8604651162790697,2017
Yohan Mollo,2011-07-25,"1,92",500000,1800000,3.6,2011
Yohan Mollo,2014-07-01,"1,92",4000000,4750000,1.1875,2014
Nicolas N'Koulou,2018-07-01,"1,92",3500000,10000000,2.857142857142857,2018
Prince Oniangué,2018-07-12,"1,92",500000,1500000,3,2018
Abdoul Camara,2016-01-04,"1,42",1700000,1250000,0.7352941176470589,2016
Toni Sunjic,2015-08-27,"1,83",3000000,2800000,0.9333333333333333,2015
Fabián Orellana,2017-07-01,"1,92",3000000,3000000,1,2017
Sebastian Polter,2015-07-02,"1,92",2300000,1500000,0.6521739130434783,2015
Sebastian Polter,2017-01-10,"1,42",1600000,2000000,1.25,2017
Zoltán Stieber,2014-07-01,"1,92",1300000,1700000,1.3076923076923077,2014
Jordan Henderson,2011-07-01,"1,92",18000000,8500000,0.4722222222222222,2011
Jake Livermore,2017-01-20,"1,42",11500000,4500000,0.391304347826087,2017
Andros Townsend,2016-01-27,"1,42",15700000,8000000,0.5095541401273885,2016
Mohammed Abdellaoue,2013-07-01,"1,92",3500000,5500000,1.5714285714285714,2013
Michael Esser,2017-07-01,"1,92",2000000,2000000,1,2017
Odion Ighalo,2019-02-14,"1,83",5850000,9000000,1.5384615384615385,2019
Panagiotis Tachtsidis,2017-07-01,"1,92",700000,2000000,2.857142857142857,2017
Nathan Baker,2017-07-28,"1,92",4330000,2500000,0.5773672055427251,2017
Adam Hlousek,2014-07-01,"1,00",1450000,1500000,1.0344827586206897,2014
Roberto Soriano,2019-07-01,"1,92",8000000,7000000,0.875,2019
Étienne Capoue,2015-07-06,"1,92",8900000,7500000,0.8426966292134831,2015
Étienne Capoue,2021-01-04,"1,42",2000000,4000000,2,2021
Brown Ideye,2014-07-18,"1,92",12632000,7000000,0.5541481950601647,2014
Brown Ideye,2015-08-31,"1,75",5420000,6000000,1.1070110701107012,2015
Brown Ideye,2017-02-28,"1,33",12000000,6000000,0.5,2017
Orlando Sá,2015-07-01,"1,92",1500000,1500000,1,2015
Bernardo Espinosa,2017-07-07,"1,92",4500000,2500000,0.5555555555555556,2017
Andreu Fontàs,2013-07-01,"1,92",1000000,1500000,1.5,2013
Matías Rodríguez,2013-01-29,"1,92",3400000,1400000,0.4117647058823529,2013
Admir Mehmedi,2014-07-01,"1,92",6000000,5500000,0.9166666666666666,2014
Admir Mehmedi,2018-01-31,"1,33",8000000,3500000,0.4375,2018
Ahmed Elmohamady,2017-07-19,"1,92",1100000,4000000,3.6363636363636362,2017
Franck Tabanou,2015-07-01,"1,92",4900000,6000000,1.2244897959183674,2015
Charlison Benschop,2015-07-01,"1,92",1500000,2000000,1.3333333333333333,2015
Luke Freeman,2019-07-03,"1,92",5600000,3500000,0.625,2019
Sam Baldock,2018-07-30,"1,92",3900000,3000000,0.7692307692307693,2018
Ashley Williams,2016-08-10,"1,83",14000000,8000000,0.5714285714285714,2016
Rubén Rochina,2016-07-20,"1,92",10000000,3000000,0.3,2016
Rubén Rochina,2018-07-01,"1,92",1400000,1500000,1.0714285714285714,2018
Milan Djuric,2010-07-01,"1,92",300000,1500000,5,2010
Marco Fabián,2016-01-01,"1,42",3700000,5000000,1.3513513513513513,2016
Ganso,2016-07-21,"1,08",9500000,9000000,0.9473684210526315,2016
Neymar,2013-07-01,"1,42",88200000,50000000,0.5668934240362812,2013
Martín Montoya,2018-08-09,"1,83",7000000,8000000,1.1428571428571428,2018
Mauro Icardi,2020-07-01,"1,92",50000000,60000000,1.2,2020
Adem Ljajic,2010-01-13,"1,42",6800000,4500000,0.6617647058823529,2010
Peniel Mlapa,2012-07-01,"1,92",2500000,3000000,1.2,2012
Bartosz Salamon,2015-08-31,"1,75",1000000,1500000,1.5,2015
Bartosz Salamon,2018-07-01,"1,92",1840000,1400000,0.7608695652173914,2018
Stefan Scepovic,2016-07-01,"1,92",1200000,2000000,1.6666666666666667,2016
Anaitz Arbilla,2016-08-30,"1,83",700000,1500000,2.142857142857143,2016
Coke,2011-07-01,"1,92",1800000,2500000,1.3888888888888888,2011
Rafael Tolói,2015-08-26,"1,83",3870000,5000000,1.2919896640826873,2015
Bernd Leno,2018-07-01,"1,92",25000000,20000000,0.8,2018
Bobby Wood,2016-07-01,"1,92",4000000,1500000,0.375,2016
Luuk de Jong,2019-07-01,"1,92",12500000,12000000,0.96,2019
Nélson Oliveira,2016-08-30,"1,83",5850000,3000000,0.5128205128205128,2016
Pedro Mendes,2017-07-18,"1,92",1000000,3000000,3,2017
Vid Belec,2018-07-01,"1,92",300000,1700000,5.666666666666667,2018
Lucas Pérez,2018-08-09,"1,83",4400000,7500000,1.7045454545454546,2018
Lucas Pérez,2019-07-01,"1,92",2300000,4000000,1.7391304347826086,2019
Aleksandar Pesic,2018-07-10,"1,92",4200000,3000000,0.7142857142857143,2018
Steven Nzonzi,2018-08-14,"1,83",26650000,30000000,1.125703564727955,2018
Paul-José Mpoku,2017-07-03,"1,92",1800000,3000000,1.6666666666666667,2017
Paul-José Mpoku,2020-01-21,"1,42",2000000,4000000,2,2020
Marc Muniesa,2019-08-19,"1,83",1200000,3000000,2.5,2019
Nemanja Gudelj,2015-07-01,"1,92",6000000,6000000,1,2015
Nemanja Gudelj,2018-01-28,"1,92",4300000,5000000,1.1627906976744187,2018
Gaël Kakuta,2018-07-13,"1,42",2000000,6000000,3,2018
Jackson Martínez,2015-07-16,"1,92",35000000,35000000,1,2015
Sandro,2018-07-01,"1,92",2300000,2500000,1.0869565217391304,2018
Nemanja Matic,2017-07-31,"1,83",44700000,35000000,0.7829977628635347,2017
Francis Coquelin,2020-08-12,"1,83",6500000,14000000,2.1538461538461537,2020
Juraj Kucka,2017-07-07,"1,92",5000000,9000000,1.8,2017
Juraj Kucka,2019-01-15,"1,42",5000000,2500000,0.5,2019
Martin Dubravka,2018-07-01,"1,92",4000000,4000000,1,2018
Ezequiel Muñoz,2017-08-08,"1,83",2500000,3000000,1.2,2017
Seydou Doumbia,2015-01-31,"1,33",14400000,25000000,1.7361111111111112,2015
Seydou Doumbia,2018-01-01,"1,42",3000000,5000000,1.6666666666666667,2018
Radosav Petrovic,2011-08-09,"1,83",3300000,2500000,0.7575757575757576,2011
Radosav Petrovic,2012-08-22,"1,83",600000,2000000,3.3333333333333335,2012
Robin Olsen,2018-07-24,"1,92",9000000,2500000,0.2777777777777778,2018
Douglas Costa,2018-07-01,"1,92",40000000,55000000,1.375,2018
Tomás Rincón,2017-01-03,"1,42",8000000,9000000,1.125,2017
Tomás Rincón,2018-07-01,"1,92",5900000,8000000,1.3559322033898304,2018
Giovanni Sio,2013-08-16,"1,83",2000000,2000000,1,2013
Giovanni Sio,2015-07-01,"1,92",2000000,2000000,1,2015
Tjaronn Chery,2014-07-01,"1,92",800000,1500000,1.875,2014
Tjaronn Chery,2017-01-13,"1,42",2650000,4500000,1.6981132075471699,2017
Carlos Carmona,2010-08-27,"1,83",2600000,1750000,0.6730769230769231,2010
Abel Hernández,2014-09-01,"1,75",12000000,5000000,0.4166666666666667,2014
Lucas Moura,2018-01-31,"1,33",28400000,28000000,0.9859154929577465,2018
Jérôme Gondorf,2018-07-01,"1,92",1300000,1500000,1.1538461538461537,2018
Cyriac,2017-08-15,"1,83",650000,2000000,3.076923076923077,2017
Dejan Lazarevic,2013-07-01,"1,92",1500000,1600000,1.0666666666666667,2013
Alfred N'Diaye,2013-01-09,"1,42",4700000,3800000,0.8085106382978723,2013
Alfred N'Diaye,2014-08-22,"1,83",3500000,4000000,1.1428571428571428,2014
Alfred N'Diaye,2019-08-31,"1,75",6000000,3500000,0.5833333333333334,2019
Victor Wanyama,2013-07-11,"1,92",14500000,5000000,0.3448275862068966,2013
Ryad Boudebouz,2017-08-09,"1,83",7000000,10000000,1.4285714285714286,2017
Ryad Boudebouz,2019-07-27,"1,92",3500000,6000000,1.7142857142857142,2019
Mathieu Dossevi,2016-01-26,"1,42",1300000,2000000,1.5384615384615385,2016
Mathieu Dossevi,2018-07-01,"1,92",3000000,3500000,1.1666666666666667,2018
Mathieu Dossevi,2018-08-03,"1,83",2500000,3500000,1.4,2018
Marvin Martin,2012-07-01,"1,92",10000000,9500000,0.95,2012
Bamba Anderson,2012-08-02,"1,83",800000,1750000,2.1875,2012
Kamil Wilczek,2020-01-22,"1,42",1071000,1700000,1.5873015873015872,2020
Davy Pröpper,2015-07-13,"1,92",4500000,5000000,1.1111111111111112,2015
Hajime Hosogai,2013-07-01,"1,92",1000000,2000000,2,2013
Daniel Ginczek,2014-07-01,"1,92",2500000,2500000,1,2014
Daniel Ginczek,2018-07-01,"1,92",14000000,3500000,0.25,2018
Simon Zoller,2019-01-01,"1,42",300000,1500000,5,2019
Jimmy Durmaz,2016-08-20,"1,83",2000000,3750000,1.875,2016
Roman Bezjak,2016-08-29,"1,83",2000000,2500000,1.25,2016
Denis Alibec,2017-01-01,"1,92",2040000,2500000,1.2254901960784315,2017
Juan Iturbe,2014-07-01,"1,92",15000000,10000000,0.6666666666666666,2014
Christian Kabasele,2016-07-01,"1,92",6950000,6000000,0.8633093525179856,2016
Zargo Touré,2018-07-31,"1,83",350000,1500000,4.285714285714286,2018
Shinji Kagawa,2014-08-31,"1,75",8000000,15000000,1.875,2014
Sung-yueng Ki,2012-08-24,"1,83",7000000,3500000,0.5,2012
Wilfried Bony,2017-08-31,"1,75",13000000,18000000,1.3846153846153846,2017
Joselu,2014-07-01,"1,92",5000000,3000000,0.6,2014
Joselu,2017-08-16,"1,83",5500000,3500000,0.6363636363636364,2017
Nicola Sansone,2019-07-01,"1,92",8000000,7500000,0.9375,2019
Diego Demme,2020-01-11,"1,42",10250000,17000000,1.6585365853658536,2020
Gökhan Töre,2012-07-26,"1,92",6000000,5000000,0.8333333333333334,2012
Gökhan Töre,2014-08-08,"1,83",4500000,7000000,1.5555555555555556,2014
Ivo Pinto,2016-01-08,"1,42",3700000,4000000,1.0810810810810811,2016
Olivier Giroud,2018-01-31,"1,33",17000000,20000000,1.1764705882352942,2018
Yoric Ravet,2016-01-14,"1,42",2000000,2000000,1,2016
Yoric Ravet,2017-08-26,"1,83",3500000,3750000,1.0714285714285714,2017
Lukas Rupp,2016-07-01,"1,92",5000000,4000000,0.8,2016
Pascal Groß,2017-07-01,"1,92",3000000,4000000,1.3333333333333333,2017
Marcelo Díaz,2016-01-15,"1,42",1800000,2500000,1.3888888888888888,2016
Marcelo Díaz,2018-08-01,"1,83",2200000,2500000,1.1363636363636365,2018
Rafael Czichos,2018-07-01,"1,92",1800000,1500000,0.8333333333333334,2018
Éder,2016-07-01,"1,92",4500000,5000000,1.1111111111111112,2016
Éder,2018-07-01,"1,92",500000,3500000,7,2018
Francesco Caputo,2019-07-13,"1,92",7000000,4000000,0.5714285714285714,2019
Jordi Amat,2020-07-01,"1,92",1000000,1600000,1.6,2020
Yunus Malli,2017-01-05,"1,42",12500000,10000000,0.8,2017
Nicolas Viola,2017-01-31,"1,33",550000,1500000,2.727272727272727,2017
Federico Fernández,2014-08-20,"1,83",10000000,5000000,0.5,2014
Federico Fernández,2018-08-09,"1,83",6700000,8000000,1.1940298507462686,2018
Martin Hinteregger,2016-08-31,"1,75",10500000,6000000,0.5714285714285714,2016
Martin Hinteregger,2019-08-01,"1,83",9000000,16000000,1.7777777777777777,2019
Jasmin Kurtic,2013-07-01,"1,92",4000000,2000000,0.5,2013
Jasmin Kurtic,2020-09-01,"1,75",3500000,3500000,1,2020
Loris Karius,2016-07-01,"1,92",6200000,7000000,1.1290322580645162,2016
Nico Schulz,2017-07-08,"1,92",3000000,2000000,0.6666666666666666,2017
Nico Schulz,2019-07-01,"1,92",25500000,25000000,0.9803921568627451,2019
Yohan Tavares,2013-07-01,"1,92",500000,1200000,2.4,2013
Hiroshi Kiyotake,2016-07-01,"1,92",6500000,4500000,0.6923076923076923,2016
Ricardo Rodríguez,2017-07-01,"1,92",15000000,17000000,1.1333333333333333,2017
Xherdan Shaqiri,2012-07-01,"1,92",11800000,12500000,1.0593220338983051,2012
Xherdan Shaqiri,2018-07-13,"1,92",14700000,18000000,1.2244897959183674,2018
Simon Makienok,2014-08-30,"1,83",2300000,1750000,0.7608695652173914,2014
Marcelo Larrondo,2013-07-30,"1,92",1300000,1500000,1.1538461538461537,2013
Alexander Söderlund,2016-01-04,"1,92",2000000,1500000,0.75,2016
Alexander Söderlund,2018-02-01,"1,33",500000,1500000,3,2018
Roderick Miranda,2017-07-01,"1,92",3000000,2500000,0.8333333333333334,2017
Mário Rui,2017-07-01,"1,92",6000000,7000000,1.1666666666666667,2017
Björn Sigurdarson,2018-01-01,"1,92",2000000,1200000,0.6,2018
Silvio Romero,2018-01-26,"1,42",3400000,3500000,1.0294117647058822,2018
Aleix Vidal,2018-08-04,"1,83",9300000,7500000,0.8064516129032258,2018
Mattia Destro,2015-08-20,"1,83",8500000,13000000,1.5294117647058822,2015
Simone Romagnoli,2018-01-30,"1,42",1000000,1400000,1.4,2018
Jeffrey Bruma,2016-07-01,"1,92",11500000,7750000,0.6739130434782609,2016
Jonathan Kodjia,2016-08-30,"1,83",12800000,2500000,0.1953125,2016
Fabián Rinaudo,2014-07-19,"1,92",1600000,4500000,2.8125,2014
Felix Klaus,2015-07-01,"1,92",3000000,3000000,1,2015
Johannes Geis,2015-07-01,"1,92",10500000,11000000,1.0476190476190477,2015
Charles Aránguiz,2014-08-16,"1,83",8000000,3000000,0.375,2014
Eduardo Vargas,2012-01-09,"1,92",13500000,6000000,0.4444444444444444,2012
Alfred Finnbogason,2016-07-01,"1,92",4000000,3500000,0.875,2016
Eliaquim Mangala,2014-08-11,"1,83",45000000,28000000,0.6222222222222222,2014
Vaclav Kadlec,2016-01-01,"1,42",2100000,3000000,1.4285714285714286,2016
Pablo Hernández,2018-07-04,"1,92",1300000,5000000,3.8461538461538463,2018
Ja-cheol Koo,2014-01-18,"1,42",5000000,4000000,0.8,2014
Barry Douglas,2017-07-01,"1,92",1140000,1500000,1.3157894736842106,2017
Luc Castaignos,2016-08-28,"1,83",2500000,3000000,1.2,2016
Denys Boyko,2016-01-22,"1,42",3300000,5500000,1.6666666666666667,2016
Juan Cuadrado,2017-07-01,"1,92",20000000,25000000,1.25,2017
Matt Ritchie,2016-07-01,"1,92",12000000,6000000,0.5,2016
Akaki Gogia,2017-07-01,"1,92",750000,1300000,1.7333333333333334,2017
Darío Benedetto,2019-08-05,"1,83",14000000,15000000,1.0714285714285714,2019
Mateusz Klich,2017-07-01,"1,92",1700000,2250000,1.3235294117647058,2017
Marvin Zeegelaar,2020-01-24,"1,42",2000000,1500000,0.75,2020
Kalidou Koulibaly,2014-07-01,"1,92",7750000,6500000,0.8387096774193549,2014
Marcos Rojo,2014-08-20,"1,83",20000000,12000000,0.6,2014
Nabil Bahoui,2015-07-15,"1,42",910000,1300000,1.4285714285714286,2015
Sambou Yatabaré,2013-08-30,"1,83",2200000,1250000,0.5681818181818182,2013
Sambou Yatabaré,2016-01-28,"1,42",2500000,1500000,0.6,2016
Abdelaziz Barrada,2016-07-01,"1,92",2000000,3500000,1.75,2016
Brice Dja Djédjé,2016-07-21,"1,92",3600000,3500000,0.9722222222222222,2016
Josuha Guilavogui,2016-07-01,"1,92",3000000,12000000,4,2016
Alexandre Lacazette,2017-07-05,"1,92",53000000,40000000,0.7547169811320755,2017
Alexander Schwolow,2020-08-04,"1,83",7000000,7000000,1,2020
Steven Skrzybski,2018-07-01,"1,92",3200000,3500000,1.09375,2018
Leonardo Bittencourt,2015-07-14,"1,92",2500000,4000000,1.6,2015
Kike García,2016-02-03,"1,33",2000000,3000000,1.5,2016
Goran Causic,2019-07-07,"1,92",500000,1500000,3,2019
Stephan El Shaarawy,2011-07-01,"1,92",20300000,7000000,0.3448275862068966,2011
Marko Livaja,2018-07-01,"1,92",1800000,3500000,1.9444444444444444,2018
Martin Braithwaite,2017-07-13,"1,92",11300000,7500000,0.6637168141592921,2017
Martin Braithwaite,2019-07-25,"1,92",5000000,8000000,1.6,2019
Viktor Fischer,2017-07-01,"1,92",3000000,5000000,1.6666666666666667,2017
Romelu Lukaku,2014-07-30,"1,92",35360000,25000000,0.7070135746606335,2014
Romelu Lukaku,2017-07-10,"1,92",84700000,50000000,0.5903187721369539,2017
Fabio Borini,2015-08-31,"1,75",10700000,7000000,0.6542056074766355,2015
Cristian Galano,2017-07-01,"1,92",300000,1500000,5,2017
Simone Zaza,2019-07-01,"1,92",12000000,10000000,0.8333333333333334,2019
Takashi Inui,2012-07-03,"1,92",1450000,2250000,1.5517241379310345,2012
Takashi Inui,2019-07-24,"1,92",2000000,4000000,2,2019
Denis Cheryshev,2019-07-01,"1,92",6000000,6000000,1,2019
Romain Alessandrini,2014-07-01,"1,92",5000000,7500000,1.5,2014
Serdar Gürler,2018-08-17,"1,83",2500000,3500000,1.4,2018
John Guidetti,2018-07-01,"1,92",4000000,5000000,1.25,2018
Federico Santander,2018-07-01,"1,92",6500000,2000000,0.3076923076923077,2018
Andrea Bertolacci,2015-07-02,"1,92",21000000,15000000,0.7142857142857143,2015
Jannik Vestergaard,2016-07-01,"1,92",12500000,7000000,0.56,2016
Ander Herrera,2014-07-01,"1,92",36000000,20000000,0.5555555555555556,2014
Ante Vukusic,2012-08-25,"1,83",3700000,5000000,1.3513513513513513,2012
Portu,2019-07-01,"1,92",10000000,10000000,1,2019
Marc Bartra,2016-07-01,"1,92",8000000,12000000,1.5,2016
William Carvalho,2018-07-13,"1,92",16000000,25000000,1.5625,2018
Matej Vydra,2018-08-07,"1,83",12200000,8000000,0.6557377049180327,2018
Jorginho,2018-07-14,"1,92",57000000,50000000,0.8771929824561403,2018
Matthew Lowton,2015-07-01,"1,92",1400000,2000000,1.4285714285714286,2015
Leandro Cabrera,2020-01-20,"1,42",9000000,10000000,1.1111111111111112,2020
Sebastián Coates,2011-08-31,"1,33",8000000,2500000,0.3125,2011
Antonino Ragusa,2016-08-26,"1,83",1788357,1500000,0.838758704218453,2016
Chris Smalling,2020-10-05,"1,67",15000000,20000000,1.3333333333333333,2020
Tongo Doumbia,2014-08-29,"1,83",1200000,1750000,1.4583333333333333,2014
Wahbi Khazri,2018-07-17,"1,92",7000000,10000000,1.4285714285714286,2018
Luis Advíncula,2017-01-26,"1,42",600000,1250000,2.0833333333333335,2017
Luis Advíncula,2019-07-29,"1,42",3000000,3000000,1,2019
Michail Antonio,2015-09-01,"1,75",9500000,2500000,0.2631578947368421,2015
Lucas Galvão,2018-07-05,"1,92",2400000,2500000,1.0416666666666667,2018
Lee Tomlin,2015-08-04,"1,83",4300000,1750000,0.4069767441860465,2015
Lee Tomlin,2016-07-05,"1,92",3500000,3500000,1,2016
Lee Tomlin,2017-07-13,"1,92",3300000,3500000,1.0606060606060606,2017
Konstantinos Manolas,2014-08-26,"1,83",15000000,6000000,0.4,2014
Aden Flint,2018-07-01,"1,92",8000000,5000000,0.625,2018
Fernando,2020-02-28,"1,33",9600000,9000000,0.9375,2020
Lucas Castro,2018-07-01,"1,92",5900000,7000000,1.1864406779661016,2018
Guido Pizarro,2017-07-08,"1,92",8700000,4000000,0.45977011494252873,2017
Florian Kainz,2019-01-18,"1,42",3000000,4000000,1.3333333333333333,2019
Will Grigg,2019-01-31,"1,33",3400000,1500000,0.4411764705882353,2019
Marcel Sabitzer,2014-07-01,"1,92",2000000,2000000,1,2014
Yuya Osako,2018-07-01,"1,92",4500000,4500000,1,2018
Chris Wood,2017-08-21,"1,83",16400000,6000000,0.36585365853658536,2017
Dodô,2018-02-21,"1,33",5500000,1500000,0.2727272727272727,2018
Nicolò Brighenti,2016-07-28,"1,92",500000,1300000,2.6,2016
Carlos Eduardo,2015-07-05,"1,92",2000000,5500000,2.75,2015
Lucas Orbán,2017-07-01,"1,92",2500000,2000000,0.8,2017
Benik Afobe,2018-07-01,"1,92",11400000,10000000,0.8771929824561403,2018
Benik Afobe,2019-01-04,"1,42",13500000,10000000,0.7407407407407407,2019
Frédéric Bulot,2012-07-01,"1,92",2000000,2500000,1.25,2012
Mathieu Peybernes,2017-01-11,"1,42",2000000,1500000,0.75,2017
Mehdi Abeid,2016-08-31,"1,75",250000,1750000,7,2016
Dennis Appiah,2016-07-01,"1,92",3000000,2500000,0.8333333333333334,2016
Dennis Appiah,2019-07-01,"1,92",750000,1500000,2,2019
Zacharie Boucher,2015-07-01,"1,92",500000,1500000,3,2015
Arnaud Souquet,2018-08-31,"1,75",3000000,4500000,1.5,2018
Philipp Max,2020-09-02,"1,75",8000000,15000000,1.875,2020
Neeskens Kebano,2015-08-26,"1,83",4000000,3500000,0.875,2015
Ryan Mendes,2018-07-02,"1,92",1500000,1500000,1,2018
Neto,2017-07-07,"1,92",7000000,6000000,0.8571428571428571,2017
Neto,2019-07-01,"1,92",26000000,18000000,0.6923076923076923,2019
Emiliano Martínez,2020-09-16,"1,75",17400000,8000000,0.45977011494252873,2020
Giancarlo González,2019-04-11,"1,17",931099,1200000,1.288799579851337,2019
Ju-ho Park,2015-08-29,"1,83",3000000,2500000,0.8333333333333334,2015
Suso,2020-07-21,"1,92",21000000,17500000,0.8333333333333334,2020
Júnior Caiçara,2015-07-01,"1,92",4500000,6000000,1.3333333333333333,2015
Júnior Caiçara,2017-01-17,"1,42",3000000,4000000,1.3333333333333333,2017
Omer Damari,2014-07-30,"1,92",1200000,1400000,1.1666666666666667,2014
Benito Raman,2018-07-01,"1,92",1500000,2500000,1.6666666666666667,2018
Niklas Hult,2016-07-01,"1,92",300000,1500000,5,2016
Germán Pezzella,2018-07-01,"1,92",9750000,13000000,1.3333333333333333,2018
Rémy Cabella,2018-08-16,"1,83",6000000,9000000,1.5,2018
Dany Nounkeu,2010-09-01,"1,75",300000,2000000,6.666666666666667,2010
Enric Gallego,2020-07-01,"1,92",2000000,1200000,0.6,2020
Jón Dadi Bödvarsson,2016-08-02,"1,83",3200000,1250000,0.390625,2016
Guilherme,2012-08-15,"1,92",2850000,1500000,0.5263157894736842,2012
Guilherme,2017-07-01,"1,92",4500000,4000000,0.8888888888888888,2017
Bruno Zuculini,2017-07-11,"1,92",1250000,1200000,0.96,2017
Chris Philipps,2018-02-02,"1,33",250000,1250000,5,2018
Jean Zimmer,2016-07-01,"1,92",2000000,2000000,1,2016
Jean Zimmer,2018-07-01,"1,92",900000,1250000,1.3888888888888888,2018
Mehdi Zeffane,2015-08-12,"1,83",1000000,1250000,1.25,2015
Hotaru Yamaguchi,2016-01-01,"1,00",1000000,1500000,1.5,2016
Will Keane,2016-08-30,"1,83",1200000,1500000,1.25,2016
Ben Marshall,2018-07-01,"1,92",1700000,1500000,0.8823529411764706,2018
Marlon Pack,2019-08-08,"1,83",815000,3000000,3.6809815950920246,2019
Dominik Kohr,2017-07-01,"1,92",2000000,3500000,1.75,2017
Dominik Kohr,2019-07-03,"1,92",8500000,4000000,0.47058823529411764,2019
Ishmael Yartey,2012-07-23,"1,92",2000000,1200000,0.6,2012
Kaan Ayhan,2020-09-01,"1,75",2500000,7000000,2.8,2020
Mislav Orsic,2018-07-01,"1,42",1000000,1600000,1.6,2018
Ezequiel Schelotto,2017-08-31,"1,75",3000000,4500000,1.5,2017
Aron Jóhannsson,2015-08-05,"1,83",4200000,3500000,0.8333333333333334,2015
Mitchell Weiser,2018-07-01,"1,92",12000000,12000000,1,2018
Luis Muriel,2017-07-11,"1,92",24500000,17000000,0.6938775510204082,2017
Carlos Bacca,2013-07-09,"1,92",10000000,8000000,0.8,2013
Carlos Bacca,2018-08-17,"1,83",7000000,10000000,1.4285714285714286,2018
Yannick Gerhardt,2016-07-01,"1,92",13000000,4500000,0.34615384615384615,2016
Emre Can,2020-07-01,"1,92",25000000,24000000,0.96,2020
José Campaña,2016-08-11,"1,83",500000,1200000,2.4,2016
Michael Gregoritsch,2017-07-04,"1,92",5500000,3500000,0.6363636363636364,2017
John Egan,2018-07-19,"1,92",4500000,1500000,0.3333333333333333,2018
Grant Hanley,2016-07-21,"1,92",6600000,2500000,0.3787878787878788,2016
Emyr Huws,2017-07-01,"1,92",1150000,1500000,1.3043478260869565,2017
Wellington Silva,2016-07-18,"1,92",3000000,2000000,0.6666666666666666,2016
Nicolas de Préville,2016-08-10,"1,83",4500000,2500000,0.5555555555555556,2016
Sam Clucas,2017-08-23,"1,83",16300000,2500000,0.15337423312883436,2017
Robert Zulj,2014-07-10,"1,92",500000,1250000,2.5,2014
Andy Delort,2019-07-01,"1,92",4500000,12500000,2.7777777777777777,2019
Vlad Chiricheș,2020-09-01,"1,75",9000000,5000000,0.5555555555555556,2020
Tom Cairney,2015-07-01,"1,92",4200000,3000000,0.7142857142857143,2015
Zakaria Labyad,2018-07-01,"1,92",6000000,6000000,1,2018
Matthias Ginter,2017-07-04,"1,92",17000000,15000000,0.8823529411764706,2017
Cristiano Biraghi,2018-07-01,"1,92",2000000,5000000,2.5,2018
Nikola Maksimovic,2014-07-01,"1,92",2500000,2500000,1,2014
John Anthony Brooks,2017-07-01,"1,92",17000000,14000000,0.8235294117647058,2017
Lisandro López,2020-01-01,"1,42",3000000,3500000,1.1666666666666667,2020
Sargis Adamyan,2019-07-01,"1,92",1500000,3000000,2,2019
Sanjin Prcic,2019-09-02,"1,75",1000000,4000000,4,2019
Mathew Leckie,2014-07-01,"1,92",750000,1500000,2,2014
Mathew Leckie,2017-07-01,"1,92",3000000,2500000,0.8333333333333334,2017
Hakan Calhanoglu,2014-07-04,"1,92",14500000,7000000,0.4827586206896552,2014
Hakan Calhanoglu,2017-07-03,"1,92",23300000,20000000,0.8583690987124464,2017
Antonio Luna,2013-07-01,"1,92",2000000,1500000,0.75,2013
Salif Sané,2012-07-01,"1,92",1200000,2000000,1.6666666666666667,2012
Salif Sané,2013-07-01,"1,92",2000000,2500000,1.25,2013
Salif Sané,2018-07-01,"1,92",7000000,18000000,2.5714285714285716,2018
Loïs Diony,2017-07-07,"1,92",10000000,3000000,0.3,2017
Lucas Digne,2016-07-13,"1,92",16500000,12000000,0.7272727272727273,2016
Kévin Malcuit,2017-07-08,"1,92",9000000,3000000,0.3333333333333333,2017
Paco Alcácer,2019-07-01,"1,92",21000000,37000000,1.7619047619047619,2019
Juanmi,2019-07-01,"1,92",8000000,8000000,1,2019
Serge Aurier,2017-08-31,"1,75",25000000,15000000,0.6,2017
Jonas Martin,2017-07-25,"1,92",1500000,2500000,1.6666666666666667,2017
Benjamin Lecomte,2017-07-01,"1,92",2500000,2500000,1,2017
Abdoulaye Doucouré,2016-02-01,"1,33",10600000,6000000,0.5660377358490566,2016
Geoffrey Kondogbia,2012-07-24,"1,92",4000000,3000000,0.75,2012
Geoffrey Kondogbia,2018-07-01,"1,92",22000000,30000000,1.3636363636363635,2018
Geoffrey Kondogbia,2020-11-03,"1,58",15000000,17500000,1.1666666666666667,2020
Carles Gil,2015-01-13,"1,42",4200000,6000000,1.4285714285714286,2015
Luis Alberto,2013-07-01,"1,92",8000000,5000000,0.625,2013
Luis Alberto,2016-08-31,"1,75",4000000,4000000,1,2016
Álvaro Morata,2020-07-01,"1,92",35000000,36000000,1.0285714285714285,2020
Robbie Brady,2017-01-31,"1,33",15100000,8000000,0.5298013245033113,2017
Andre Wisdom,2017-07-01,"1,92",2300000,2750000,1.1956521739130435,2017
Zouhair Feddal,2017-07-24,"1,92",2500000,3000000,1.2,2017
Marcello Trotta,2016-01-20,"1,42",2800000,2000000,0.7142857142857143,2016
Marcello Trotta,2019-01-25,"1,42",1100000,3000000,2.727272727272727,2019
Alexandru Maxim,2017-07-01,"1,92",3000000,2500000,0.8333333333333334,2017
Steven Berghuis,2017-07-31,"1,83",6500000,5500000,0.8461538461538461,2017
Dennis Praet,2019-08-08,"1,83",19200000,24000000,1.25,2019
Junior Malanda,2013-07-31,"1,83",1700000,4000000,2.3529411764705883,2013
Cheick Doukouré,2017-08-04,"1,83",1600000,1250000,0.78125,2017
Molla Wagué,2017-07-01,"1,92",525000,1500000,2.857142857142857,2017
Hyun-jun Suk,2018-07-01,"1,92",2000000,3500000,1.75,2018
Gianluca Lapadula,2020-09-02,"1,75",4000000,5000000,1.25,2020
Alfredo Donnarumma,2018-07-13,"1,92",1800000,2000000,1.1111111111111112,2018
Jeison Murillo,2018-07-01,"1,92",12000000,15000000,1.25,2018
Choco Lozano,2018-01-30,"1,42",1750000,1500000,0.8571428571428571,2018
Samu Saiz,2019-07-18,"1,92",2500000,2000000,0.8,2019
Olarenwaju Kayode,2017-08-17,"1,83",3800000,4000000,1.0526315789473684,2017
Ogenyi Onazi,2016-08-04,"1,83",3500000,5000000,1.4285714285714286,2016
Roberto Firmino,2015-07-01,"1,92",41000000,25000000,0.6097560975609756,2015
Bertrand Traoré,2020-09-19,"1,75",18400000,9500000,0.5163043478260869,2020
Jin-su Kim,2017-01-12,"1,42",1400000,1500000,1.0714285714285714,2017
Tony Watt,2014-07-28,"1,92",1500000,1500000,1,2014
Marten de Roon,2015-07-11,"1,92",1300000,1250000,0.9615384615384616,2015
Edgar Méndez,2017-07-03,"1,92",5000000,2000000,0.4,2017
Raheem Sterling,2015-07-14,"1,92",63700000,40000000,0.6279434850863422,2015
Andrea La Mantia,2020-09-01,"1,75",3500000,1800000,0.5142857142857142,2020
André Carrillo,2019-07-23,"1,92",9500000,7000000,0.7368421052631579,2019
Riza Durmisi,2016-07-01,"1,92",2000000,1500000,0.75,2016
Fabian Schär,2017-07-21,"1,92",3000000,2500000,0.8333333333333334,2017
Lindsay Rose,2016-07-01,"1,92",1500000,2500000,1.6666666666666667,2016
Manuel Lanzini,2016-07-01,"1,92",12000000,9000000,0.75,2016
Gustav Valsvik,2016-07-30,"1,42",750000,1100000,1.4666666666666666,2016
Samba Diakité,2012-07-01,"1,92",4000000,4500000,1.125,2012
Sadio Diallo,2012-07-10,"1,92",4000000,2500000,0.625,2012
Okay Yokuslu,2018-07-01,"1,92",6000000,7500000,1.25,2018
Sverrir Ingi Ingason,2019-01-31,"1,33",4000000,4500000,1.125,2019
Luka Krajnc,2015-07-01,"1,92",5000000,1400000,0.28,2015
Virgil van Dijk,2015-09-01,"1,75",15700000,5000000,0.3184713375796178,2015
Paulo Oliveira,2014-07-01,"1,92",1800000,3000000,1.6666666666666667,2014
Paulo Oliveira,2017-07-17,"1,92",4000000,4000000,1,2017
Josué Sá,2017-08-31,"1,75",2200000,2500000,1.1363636363636365,2017
Leandro Damião,2013-12-16,"1,00",13000000,22000000,1.6923076923076923,2013
Enner Valencia,2017-07-13,"1,92",5500000,10000000,1.8181818181818181,2017
Tomás Pina,2016-07-04,"1,92",3000000,3500000,1.1666666666666667,2016
Tomás Pina,2018-08-12,"1,83",1500000,1800000,1.2,2018
Emanuel Herrera,2012-07-01,"1,42",2500000,1500000,0.6,2012
Fernando Aristeguieta,2019-07-01,"1,92",886000,1500000,1.693002257336343,2019
Lei Wu,2019-01-28,"1,92",2000000,3500000,1.75,2019
Kemar Roofe,2020-08-04,"1,83",5000000,4500000,0.9,2020
George Saville,2019-01-01,"1,42",7800000,5000000,0.6410256410256411,2019
Sergi Darder,2018-07-01,"1,92",8000000,11000000,1.375,2018
Anthony Ujah,2013-07-08,"1,92",2300000,1750000,0.7608695652173914,2013
Anthony Ujah,2015-07-01,"1,92",4500000,4500000,1,2015
Anthony Ujah,2018-01-01,"1,92",3800000,3000000,0.7894736842105263,2018
Anthony Ujah,2019-07-01,"1,92",2000000,1500000,0.75,2019
Willy Boly,2016-08-31,"1,75",6500000,2750000,0.4230769230769231,2016
Stefan Mitrovic,2013-07-01,"1,92",1100000,1100000,1,2013
Stefan Mitrovic,2016-07-01,"1,92",1500000,2000000,1.3333333333333333,2016
Stefan Mitrovic,2018-07-01,"1,92",3000000,2200000,0.7333333333333333,2018
Maximilian Philipp,2017-07-01,"1,92",20000000,15000000,0.75,2017
Leandro Trossard,2019-07-01,"1,92",20000000,16000000,0.8,2019
Valon Berisha,2018-07-03,"1,92",7600000,10000000,1.3157894736842106,2018
Tim Ream,2015-08-20,"1,83",1700000,1500000,0.8823529411764706,2015
Afriyie Acquah,2015-07-01,"1,92",3100000,3000000,0.967741935483871,2015
Nicolás Castillo,2017-01-01,"1,42",3800000,2500000,0.6578947368421053,2017
Sergio León,2019-07-01,"1,92",4000000,3000000,0.75,2019
Munas Dabbur,2019-07-01,"1,92",17000000,15000000,0.8823529411764706,2019
Hany Mukhtar,2020-01-01,"1,42",2700000,2700000,1,2020
Jasper Cillessen,2016-08-25,"1,83",13000000,12000000,0.9230769230769231,2016
Jasper Cillessen,2019-07-01,"1,92",35000000,18000000,0.5142857142857142,2019
Tomas Koubek,2017-08-28,"1,83",3000000,1500000,0.5,2017
Tomas Koubek,2019-08-06,"1,83",7500000,6000000,0.8,2019
Majeed Waris,2018-07-01,"1,92",5200000,2500000,0.4807692307692308,2018
Majeed Waris,2020-07-01,"1,92",2000000,2400000,1.2,2020
Wissam Ben Yedder,2019-08-14,"1,83",40000000,40000000,1,2019
Peter Ankersen,2016-07-01,"1,92",1500000,1250000,0.8333333333333334,2016
Michael Frey,2016-07-01,"1,92",500000,2500000,5,2016
José Izquierdo,2017-08-20,"1,83",15000000,14000000,0.9333333333333333,2017
Louis Schaub,2018-07-01,"1,92",3500000,4000000,1.1428571428571428,2018
Vincent Aboubakar,2014-08-24,"1,83",12300000,5500000,0.44715447154471544,2014
Sebastian Andersson,2020-09-15,"1,75",6500000,7000000,1.0769230769230769,2020
Nicolas Isimat-Mirin,2015-07-01,"1,92",2395000,2500000,1.0438413361169103,2015
Nicolas Isimat-Mirin,2019-01-06,"1,42",350000,2500000,7.142857142857143,2019
Alin Tosca,2017-01-23,"1,42",1000000,1800000,1.8,2017
Remo Freuler,2016-01-19,"1,42",1950000,2000000,1.0256410256410255,2016
Jeff Hendrick,2016-08-31,"1,75",11800000,1500000,0.1271186440677966,2016
Christian Nörgaard,2018-07-19,"1,92",3500000,2000000,0.5714285714285714,2018
Abdoulay Diaby,2015-07-01,"1,92",2000000,2000000,1,2015
Mohamed Salah,2017-07-01,"1,92",42000000,35000000,0.8333333333333334,2017
Tomas Kalas,2019-07-01,"1,92",9000000,4000000,0.4444444444444444,2019
Anthony Knockaert,2020-07-27,"1,92",11700000,6500000,0.5555555555555556,2020
Ewerton,2017-07-21,"1,92",1500000,2000000,1.3333333333333333,2017
Bryan Dabo,2016-07-01,"1,92",4000000,2500000,0.625,2016
Gabriel Paulista,2017-08-18,"1,83",11000000,13000000,1.1818181818181819,2017
Pablo,2015-08-31,"1,33",2000000,1500000,0.75,2015
Léo Lacroix,2016-08-31,"1,75",3000000,3000000,1,2016
Ivan Cavaleiro,2020-01-07,"1,42",11800000,10000000,0.847457627118644,2020
Vitor Hugo,2019-07-29,"1,92",5500000,7500000,1.3636363636363635,2019
Nikola Vukcevic,2018-08-09,"1,83",8900000,5000000,0.5617977528089888,2018
Terence Kongolo,2017-07-03,"1,92",15000000,10000000,0.6666666666666666,2017
Terence Kongolo,2020-10-16,"1,67",4400000,6500000,1.4772727272727273,2020
Florian Niederlechner,2017-07-01,"1,92",2300000,5500000,2.391304347826087,2017
Vicente Gómez,2018-08-17,"1,83",600000,2500000,4.166666666666667,2018
Bebé,2016-07-12,"1,92",1500000,2000000,1.3333333333333333,2016
Charles,2015-07-01,"1,92",500000,2000000,4,2015
Saulo Decarli,2017-08-21,"1,83",1500000,1750000,1.1666666666666667,2017
Felipe,2019-07-01,"1,92",20000000,20000000,1,2019
Maxime Colin,2015-08-14,"1,83",1500000,1500000,1,2015
Maxime Colin,2017-08-31,"1,75",3250000,1500000,0.46153846153846156,2017
Marco Friedl,2019-07-01,"1,92",3500000,2500000,0.7142857142857143,2019
Tom Ince,2017-07-04,"1,92",9100000,7000000,0.7692307692307693,2017
Tom Ince,2018-07-24,"1,92",11200000,8000000,0.7142857142857143,2018
Lukasz Teodorczyk,2017-07-01,"1,92",4500000,12500000,2.7777777777777777,2017
Lukasz Teodorczyk,2018-08-17,"1,83",3500000,7500000,2.142857142857143,2018
David Timor,2018-08-31,"1,75",1500000,2000000,1.3333333333333333,2018
Oscar Hiljemark,2017-07-01,"1,92",2500000,3500000,1.4,2017
Aderllan Santos,2019-01-28,"1,42",5000000,2500000,0.5,2019
Roberto Inglese,2020-09-01,"1,75",18000000,12000000,0.6666666666666666,2020
Felipe Anderson,2018-07-15,"1,92",38000000,30000000,0.7894736842105263,2018
Yacouba Sylla,2018-01-17,"1,42",750000,1500000,2,2018
Gaetano Letizia,2017-07-07,"1,92",1750000,2300000,1.3142857142857143,2017
Filip Kostic,2019-07-01,"1,92",6000000,22000000,3.6666666666666665,2019
Josef Martínez,2017-03-21,"1,25",4500000,2000000,0.4444444444444444,2017
Cauly,2020-01-13,"1,42",600000,1500000,2.5,2020
Cristiano Piccini,2017-07-01,"1,92",2872000,3000000,1.0445682451253482,2017
Grégoire Defrel,2018-07-01,"1,92",15000000,10000000,0.6666666666666666,2018
Grégoire Defrel,2020-09-01,"1,75",9000000,8000000,0.8888888888888888,2020
Federico Ceccherini,2018-07-12,"1,92",3000000,2800000,0.9333333333333333,2018
Moses Odubajo,2015-08-07,"1,83",5000000,1500000,0.3,2015
Nicolas Benezet,2015-07-03,"1,92",1200000,1500000,1.25,2015
Romario Benzar,2017-08-09,"1,83",700000,2000000,2.857142857142857,2017
Aurelian Chitu,2018-03-25,"1,25",700000,1200000,1.7142857142857142,2018
Jordan Veretout,2015-07-31,"1,83",10000000,8000000,0.8,2015
Denis Suárez,2015-08-29,"1,83",4000000,12000000,3,2015
Denis Suárez,2019-07-01,"1,92",12900000,12000000,0.9302325581395349,2019
Takumi Minamino,2020-01-01,"1,42",8500000,12500000,1.4705882352941178,2020
Matteo Politano,2021-07-01,"1,92",19000000,25000000,1.3157894736842106,2021
Federico Viviani,2015-07-01,"1,92",4000000,2800000,0.7,2015
Federico Viviani,2018-07-01,"1,92",3300000,3500000,1.0606060606060606,2018
Leandro Paredes,2017-07-01,"1,92",23000000,13000000,0.5652173913043478,2017
Niklas Süle,2017-07-01,"1,92",20000000,25000000,1.25,2017
Mamadou Sylla,2017-07-01,"1,92",2300000,3000000,1.3043478260869565,2017
Cenk Sahin,2017-07-01,"1,92",1300000,1750000,1.3461538461538463,2017
Lukas Lerager,2017-07-01,"1,92",3500000,2500000,0.7142857142857143,2017
Lukas Lerager,2019-07-01,"1,92",6000000,6000000,1,2019
Paddy McNair,2018-07-01,"1,92",5700000,3000000,0.5263157894736842,2018
Adrian Grbic,2020-07-08,"1,92",9000000,2000000,0.2222222222222222,2020
Stefano Sturaro,2019-07-01,"1,92",16500000,10000000,0.6060606060606061,2019
Leander Dendoncker,2019-07-01,"1,92",13800000,18000000,1.3043478260869565,2019
Ahmed Musa,2018-08-02,"1,83",16500000,15000000,0.9090909090909091,2018
Renaud Emond,2020-01-09,"1,42",4000000,4500000,1.125,2020
Levin Öztunali,2016-08-25,"1,83",5000000,3000000,0.6,2016
Eddy Gnahoré,2019-07-01,"1,92",2500000,4000000,1.6,2019
Silvan Widmer,2018-07-12,"1,92",4500000,8500000,1.8888888888888888,2018
Juan Sánchez Miño,2016-07-22,"1,92",1275000,2500000,1.9607843137254901,2016
Callum Paterson,2020-09-30,"1,75",550000,2800000,5.090909090909091,2020
Marcel Tisserand,2016-08-31,"1,75",3500000,2000000,0.5714285714285714,2016
Marcel Tisserand,2018-07-01,"1,92",7000000,7500000,1.0714285714285714,2018
Marcel Tisserand,2020-09-15,"1,75",4000000,6000000,1.5,2020
Dimitri Foulquier,2017-08-25,"1,83",2000000,2000000,1,2017
Timo Werner,2016-07-01,"1,92",14000000,8000000,0.5714285714285714,2016
Christophe Hérelle,2018-07-01,"1,92",5000000,6000000,1.2,2018
Ludwig Augustinsson,2017-07-01,"1,92",4500000,4000000,0.8888888888888888,2017
André Poko,2018-01-16,"1,42",1400000,1750000,1.25,2018
Garry Rodrigues,2017-01-10,"1,42",3500000,3500000,1,2017
Simon Falette,2017-08-16,"1,83",2700000,3000000,1.1111111111111112,2017
Massadio Haidara,2013-01-24,"1,42",2500000,2000000,0.8,2013
Mario Lemina,2016-07-01,"1,92",9800000,4000000,0.40816326530612246,2016
Raphaël Guerreiro,2013-07-01,"1,92",2500000,1500000,0.6,2013
Riyad Mahrez,2018-07-10,"1,92",67800000,50000000,0.7374631268436578,2018
Diogo Figueiras,2018-01-31,"1,33",1250000,3000000,2.4,2018
Davide Zappacosta,2017-08-31,"1,75",25000000,8500000,0.34,2017
Morgan Sanson,2017-01-17,"1,42",9000000,10000000,1.1111111111111112,2017
Fayçal Fajr,2019-08-01,"1,83",1500000,4500000,3,2019
Óscar Duarte,2016-01-26,"1,42",1150000,4000000,3.4782608695652173,2016
André Ramalho,2018-01-01,"1,42",800000,1500000,1.875,2018
Ole Selnaes,2016-01-29,"1,92",3200000,1800000,0.5625,2016
Ole Selnaes,2019-02-09,"1,33",5500000,8000000,1.4545454545454546,2019
Mattia Bani,2021-07-01,"1,92",3500000,3200000,0.9142857142857143,2021
Rodrigo Ely,2017-08-01,"1,83",2800000,2000000,0.7142857142857143,2017
Jota Peleteiro,2019-07-01,"1,92",4500000,5000000,1.1111111111111112,2019
Florin Andone,2016-07-22,"1,92",5700000,2500000,0.43859649122807015,2016
Gerard Moreno,2018-07-01,"1,92",20000000,20000000,1,2018
Nathan Aké,2020-08-05,"1,83",45300000,28000000,0.6181015452538632,2020
Tiago Ilori,2013-09-01,"1,75",7500000,1500000,0.2,2013
Tiago Ilori,2017-01-18,"1,42",4300000,3000000,0.6976744186046512,2017
Tiago Ilori,2019-01-29,"1,42",2400000,2000000,0.8333333333333334,2019
Robert Bauer,2016-08-23,"1,83",2500000,2000000,0.8,2016
Vladimir Darida,2013-08-28,"1,83",4000000,7500000,1.875,2013
Josip Elez,2018-07-01,"1,92",2500000,3000000,1.2,2018
Piotr Zielinski,2016-08-04,"1,83",16000000,12000000,0.75,2016
Sébastien Haller,2015-07-01,"1,92",750000,1250000,1.6666666666666667,2015
Sébastien Haller,2017-07-01,"1,92",7000000,8000000,1.1428571428571428,2017
Sébastien Haller,2019-07-17,"1,92",50000000,40000000,0.8,2019
Gaëtan Laborde,2018-08-16,"1,83",3000000,4000000,1.3333333333333333,2018
Arthur Masuaku,2016-08-08,"1,83",7100000,7000000,0.9859154929577465,2016
Emerson,2017-01-03,"1,92",2000000,3000000,1.5,2017
Léo Bonatini,2016-07-16,"1,92",5500000,2000000,0.36363636363636365,2016
Mbwana Samatta,2020-01-20,"1,42",10500000,12000000,1.1428571428571428,2020
Jean-Paul Boëtius,2017-07-01,"1,92",1500000,2200000,1.4666666666666666,2017
Jean-Paul Boëtius,2018-08-27,"1,83",3500000,2000000,0.5714285714285714,2018
Karim Rekik,2017-07-01,"1,92",2500000,2500000,1,2017
Tiemoué Bakayoko,2014-07-28,"1,92",8000000,1250000,0.15625,2014
Tiemoué Bakayoko,2017-07-15,"1,92",40000000,16000000,0.4,2017
Wylan Cyprien,2016-07-27,"1,92",5000000,2500000,0.5,2016
Thomas Didillon,2018-07-01,"1,92",2200000,2500000,1.1363636363636365,2018
Thomas Didillon,2020-08-11,"1,83",1300000,2200000,1.6923076923076923,2020
Seko Fofana,2020-08-18,"1,83",8500000,9500000,1.1176470588235294,2020
Clément Lenglet,2017-01-04,"1,42",5400000,2500000,0.46296296296296297,2017
Wesley Saïd,2017-07-07,"1,92",1500000,1500000,1,2017
Wesley Saïd,2019-08-03,"1,83",8000000,6000000,0.75,2019
Davy Klaassen,2017-07-01,"1,92",27000000,18000000,0.6666666666666666,2017
Davy Klaassen,2020-10-05,"1,67",11000000,12000000,1.0909090909090908,2020
Koffi Djidji,2019-07-01,"1,92",3000000,5000000,1.6666666666666667,2019
Patrick Bamford,2017-01-18,"1,42",6900000,5000000,0.7246376811594203,2017
Anwar El Ghazi,2019-07-01,"1,92",9000000,7500000,0.8333333333333334,2019
Naïm Sliti,2018-07-01,"1,92",2000000,7000000,3.5,2018
Ximo Navarro,2018-07-06,"1,92",1500000,2000000,1.3333333333333333,2018
Florian Thauvin,2013-01-30,"1,42",3500000,3000000,0.8571428571428571,2013
Alfred Duncan,2020-09-01,"1,75",15000000,15000000,1,2020
Kalifa Coulibaly,2017-08-18,"1,83",4500000,3000000,0.6666666666666666,2017
Adnane Tighadouini,2015-07-11,"1,92",1200000,1400000,1.1666666666666667,2015
Nicolás López,2020-01-01,"1,50",9000000,3000000,0.3333333333333333,2020
Tim Leibold,2019-07-01,"1,92",1800000,3500000,1.9444444444444444,2019
Valentino Lazaro,2019-07-01,"1,92",22400000,17000000,0.7589285714285714,2019
Mohamed Elyounoussi,2016-07-06,"1,42",3200000,1700000,0.53125,2016
Kristoffer Peterson,2020-10-05,"1,67",450000,1600000,3.5555555555555554,2020
Thomas Touré,2017-08-31,"1,75",3000000,1500000,0.5,2017
Julian Brandt,2019-07-01,"1,92",25000000,50000000,2,2019
Ante Rebic,2020-09-12,"1,75",5000000,32000000,6.4,2020
Patrick Twumasi,2018-07-27,"1,42",3000000,2800000,0.9333333333333333,2018
Patrick Twumasi,2020-09-04,"1,75",700000,2500000,3.5714285714285716,2020
Bruno González,2017-07-05,"1,92",600000,2500000,4.166666666666667,2017
Guillermo Varela,2019-01-01,"1,42",1750000,2000000,1.1428571428571428,2019
Lucas Ocampos,2015-07-01,"1,92",7500000,6500000,0.8666666666666667,2015
Cristian Ramírez,2017-01-25,"1,42",1500000,1500000,1,2017
Bouna Sarr,2020-10-05,"1,67",8000000,9000000,1.125,2020
Juan Ramírez,2019-07-01,"1,92",2000000,3000000,1.5,2019
Emiliano Sala,2019-01-19,"1,42",17000000,16000000,0.9411764705882353,2019
Baptiste Reynet,2020-07-01,"1,92",350000,2400000,6.857142857142857,2020
Uros Djurdjevic,2017-08-30,"1,83",2500000,3500000,1.4,2017
Mats Möller Daehli,2020-01-04,"1,42",2500000,2000000,0.8,2020
Brice Samba,2019-08-07,"1,83",2100000,4000000,1.9047619047619047,2019
Ferjani Sassi,2016-07-09,"1,92",775000,1250000,1.6129032258064515,2016
Ferjani Sassi,2018-01-28,"1,42",2000000,1500000,0.75,2018
John Jairo Ruiz,2017-08-09,"1,83",500000,1250000,2.5,2017
Nico Elvedi,2015-07-01,"1,92",4000000,1500000,0.375,2015
Anto Grgic,2016-07-13,"1,92",2000000,2000000,1,2016
William Troost-Ekong,2018-08-17,"1,83",3300000,2000000,0.6060606060606061,2018
Mathieu Michel,2016-08-16,"1,83",1000000,1250000,1.25,2016
Björn Engels,2019-07-01,"1,92",4000000,6000000,1.5,2019
Kristoffer Olsson,2019-01-07,"1,92",4500000,1500000,0.3333333333333333,2019
Liam Henderson,2020-09-11,"1,75",1000000,1500000,1.5,2020
Pascal Köpke,2018-07-01,"1,92",2000000,2000000,1,2018
Marius Wolf,2018-07-02,"1,92",5000000,10000000,2,2018
Diego Rolán,2018-07-17,"1,92",6000000,3500000,0.5833333333333334,2018
Yeltsin Tejeda,2016-07-08,"1,92",500000,1250000,2.5,2016
Samu Castillejo,2018-08-17,"1,83",21300000,15000000,0.704225352112676,2018
Pascal Stenzel,2017-07-01,"1,92",4000000,3000000,0.75,2017
José Pozo,2018-07-27,"1,92",1300000,3000000,2.3076923076923075,2018
Luca Waldschmidt,2018-07-01,"1,92",5000000,2500000,0.5,2018
Luca Waldschmidt,2020-08-14,"1,83",15000000,16000000,1.0666666666666667,2020
Marvin Friedrich,2019-07-01,"1,92",1000000,3000000,3,2019
Julian Weigl,2015-07-01,"1,92",2500000,2000000,0.8,2015
Julian Weigl,2020-01-01,"1,42",20000000,23000000,1.15,2020
David Kinsombi,2019-07-01,"1,92",3000000,3000000,1,2019
Federico Bernardeschi,2017-07-24,"1,92",40000000,30000000,0.75,2017
Pedro Rebocho,2017-07-01,"1,92",150000,1500000,10,2017
André Silva,2020-09-10,"1,75",3000000,24000000,8,2020
Filip Helander,2017-07-01,"1,92",2000000,1500000,0.75,2017
Elvis Manu,2015-08-29,"1,83",1200000,2000000,1.6666666666666667,2015
Sandro Ramírez,2017-07-03,"1,92",6000000,10000000,1.6666666666666667,2017
Raman Chibsah,2019-08-08,"1,83",500000,1500000,3,2019
Caleb Ekuban,2019-07-01,"1,92",1000000,1250000,1.25,2019
Sadio Mané,2014-09-01,"1,75",23000000,7500000,0.32608695652173914,2014
Sadio Mané,2016-07-01,"1,92",41200000,20000000,0.4854368932038835,2016
Petros,2017-07-01,"1,92",2500000,3500000,1.4,2017
Isaac Kiese Thelin,2017-08-30,"1,83",2750000,1500000,0.5454545454545454,2017
Angus Gunn,2018-07-10,"1,92",11300000,2000000,0.17699115044247787,2018
Christopher Jullien,2019-07-01,"1,92",8000000,6000000,0.75,2019
Pedro Bigas,2019-07-01,"1,92",3000000,3000000,1,2019
Chancel Mbemba,2015-07-30,"1,92",12000000,8000000,0.6666666666666666,2015
Chancel Mbemba,2018-07-23,"1,92",4659781,6000000,1.2876141604079676,2018
Zakaria Bakkali,2018-07-03,"1,92",1200000,1500000,1.25,2018
Andreas Cornelius,2017-07-01,"1,42",4950000,3000000,0.6060606060606061,2017
Steven Moreira,2016-08-30,"1,83",1200000,1500000,1.25,2016
Cafú,2016-07-01,"1,92",2000000,2000000,1,2016
Adama Traoré,2018-08-08,"1,83",20000000,8000000,0.4,2018
Ibrahim Amadou,2018-07-01,"1,92",14400000,3500000,0.24305555555555555,2018
Niklas Hauptmann,2018-07-01,"1,92",3400000,1500000,0.4411764705882353,2018
Thomas Lemar,2015-07-01,"1,92",4000000,1250000,0.3125,2015
Thomas Lemar,2018-07-01,"1,92",72000000,65000000,0.9027777777777778,2018
Rúnar Alex Rúnarsson,2020-09-21,"1,75",2000000,1200000,0.6,2020
Joshua Brenet,2018-07-01,"1,92",3500000,5000000,1.4285714285714286,2018
Jozabed Sánchez,2017-07-04,"1,92",3500000,3500000,1,2017
Stef Peeters,2017-07-01,"1,92",1350000,1500000,1.1111111111111112,2017
Alexandru Mitrita,2018-01-01,"1,42",730000,1200000,1.643835616438356,2018
Oumar Niasse,2014-07-28,"1,92",5500000,4000000,0.7272727272727273,2014
Oumar Niasse,2016-02-01,"1,33",17900000,10000000,0.5586592178770949,2016
Mariusz Stepinski,2016-08-29,"1,83",2000000,1500000,0.75,2016
Mariusz Stepinski,2018-07-01,"1,92",2500000,4000000,1.6,2018
Mariusz Stepinski,2020-01-19,"1,42",5500000,3800000,0.6909090909090909,2020
Kiki Kouyaté,2020-08-25,"1,83",3500000,2200000,0.6285714285714286,2020
Djibril Sow,2019-07-01,"1,92",9000000,9000000,1,2019
Alireza Jahanbakhsh,2018-07-25,"1,92",19000000,18000000,0.9473684210526315,2018
Pedro Henrique,2017-01-30,"1,42",1600000,3000000,1.875,2017
Luciano Vietto,2019-07-01,"1,92",11000000,7000000,0.6363636363636364,2019
Virgil Misidjan,2018-08-31,"1,75",3000000,5000000,1.6666666666666667,2018
Óliver Torres,2019-07-15,"1,92",11000000,17000000,1.5454545454545454,2019
Georges-Kevin N'Koudou,2019-08-22,"1,83",4500000,5000000,1.1111111111111112,2019
Mijat Gacinovic,2015-08-03,"1,83",1250000,1750000,1.4,2015
Mijat Gacinovic,2020-08-04,"1,83",3000000,7000000,2.3333333333333335,2020
Lucas Olaza,2019-01-30,"1,42",3200000,3500000,1.09375,2019
Felipe Avenatti,2019-07-10,"1,92",3750000,5000000,1.3333333333333333,2019
Riechedly Bazoer,2019-07-12,"1,92",1500000,2500000,1.6666666666666667,2019
Hakim Ziyech,2016-08-30,"1,83",11000000,11000000,1,2016
Hakim Ziyech,2020-07-01,"1,92",40000000,40000000,1,2020
Neal Maupay,2015-08-10,"1,83",600000,2000000,3.3333333333333335,2015
Neal Maupay,2017-07-14,"1,92",2000000,2000000,1,2017
Neal Maupay,2019-08-05,"1,83",22222000,12000000,0.5400054000540006,2019
Óscar Romero,2017-01-17,"1,92",8400000,7000000,0.8333333333333334,2017
Douglas Santos,2019-07-04,"1,92",13000000,10000000,0.7692307692307693,2019
André Gomes,2019-07-01,"1,92",25000000,28000000,1.12,2019
Leo Baptistão,2016-07-09,"1,92",7000000,4000000,0.5714285714285714,2016
Konrad Laimer,2017-07-01,"1,92",7000000,8000000,1.1428571428571428,2017
Xaver Schlager,2019-07-01,"1,92",15000000,15000000,1,2019
Rúben Neves,2017-07-08,"1,92",17900000,10000000,0.5586592178770949,2017
Karol Linetty,2016-07-29,"1,92",3100000,3200000,1.032258064516129,2016
Matheus Pereira,2020-08-17,"1,83",8250000,9500000,1.1515151515151516,2020
Cléber Reis,2017-02-01,"1,33",2500000,2500000,1,2017
Iver Fossum,2016-01-01,"1,92",2000000,1300000,0.65,2016
Sam Gallagher,2019-07-13,"1,92",6500000,3000000,0.46153846153846156,2019
Wout Weghorst,2018-07-01,"1,92",10500000,7000000,0.6666666666666666,2018
Moussa Dembélé,2018-08-31,"1,75",22000000,7000000,0.3181818181818182,2018
Gero Rulli,2020-09-04,"1,75",5000000,8000000,1.6,2020
Ricardo Centurión,2020-07-24,"1,42",1400000,2400000,1.7142857142857142,2020
Bruno Gaspar,2017-07-01,"1,92",4000000,3000000,0.75,2017
Diego Laxalt,2016-07-30,"1,92",5800000,5500000,0.9482758620689655,2016
Timo Letschert,2016-08-03,"1,83",3500000,3000000,0.8571428571428571,2016
Nélson Semedo,2020-09-23,"1,75",30000000,40000000,1.3333333333333333,2020
Khalid Boutaïb,2019-01-05,"1,42",1500000,1750000,1.1666666666666667,2019
Ryan Woods,2019-01-04,"1,42",7250000,5000000,0.6896551724137931,2019
Trezeguet,2019-07-24,"1,92",10000000,6000000,0.6,2019
Birger Verstraete,2017-01-17,"1,42",850000,1200000,1.411764705882353,2017
Birger Verstraete,2021-07-01,"1,92",2000000,2300000,1.15,2021
Emil Berggreen,2016-01-31,"1,33",2500000,1200000,0.48,2016
Jaromir Zmrhal,2019-08-06,"1,83",3750000,3250000,0.8666666666666667,2019
Denis Bouanga,2019-07-09,"1,92",4500000,6000000,1.3333333333333333,2019
Wanderson,2017-07-01,"1,92",8000000,2750000,0.34375,2017
Ihlas Bebou,2019-07-01,"1,92",8500000,12000000,1.411764705882353,2019
Breel Embolo,2019-07-01,"1,92",11000000,14000000,1.2727272727272727,2019
Dereck Kutesa,2019-08-27,"1,83",1700000,1750000,1.0294117647058822,2019
Alexander Sörloth,2020-09-22,"1,75",20000000,20000000,1,2020
Filip Bradaric,2019-01-19,"1,33",5900000,5000000,0.847457627118644,2019
Steve Mounié,2017-07-05,"1,92",13000000,5500000,0.4230769230769231,2017
Florent Hadergjonaj,2018-07-01,"1,92",5000000,5000000,1,2018
Jamal Lowe,2020-08-27,"1,83",890000,1400000,1.5730337078651686,2020
Riccardo Gagliolo,2018-07-01,"1,92",1150000,1200000,1.0434782608695652,2018
Matías Kranevitter,2020-01-24,"1,42",2600000,2800000,1.0769230769230769,2020
Jordan Amavi,2015-07-18,"1,92",11000000,4000000,0.36363636363636365,2015
Jordan Amavi,2018-07-01,"1,92",10000000,16000000,1.6,2018
Oussama Idrissi,2020-10-05,"1,67",12000000,12000000,1,2020
Ales Mateju,2017-08-04,"1,83",2500000,1250000,0.5,2017
Patrik Schick,2018-07-01,"1,92",42000000,20000000,0.47619047619047616,2018
Patrik Schick,2020-09-08,"1,75",26500000,25000000,0.9433962264150944,2020
Edoardo Goldaniga,2017-07-29,"1,92",4000000,1500000,0.375,2017
Deyverson,2017-07-14,"1,92",5200000,5000000,0.9615384615384616,2017
Kingsley Coman,2017-07-01,"1,92",21000000,20000000,0.9523809523809523,2017
Pierluigi Gollini,2018-07-01,"1,92",3800000,3500000,0.9210526315789473,2018
Gabriel Barbosa,2020-01-28,"1,42",17450000,23000000,1.3180515759312321,2020
Diego Llorente,2020-09-24,"1,75",20000000,20000000,1,2020
Bartosz Kapustka,2016-08-03,"1,83",5000000,5000000,1,2016
Ayoze Pérez,2019-07-04,"1,92",33400000,20000000,0.5988023952095808,2019
Chadrac Akolo,2017-07-09,"1,92",6000000,2500000,0.4166666666666667,2017
Jonas Omlin,2020-08-15,"1,83",6000000,4800000,0.8,2020
Chema,2020-01-30,"1,42",1500000,1500000,1,2020
Pawel Dawidowicz,2014-07-01,"1,92",2500000,1200000,0.48,2014
Fredrik Jensen,2018-07-01,"1,92",3000000,2000000,0.6666666666666666,2018
Guillermo Maripán,2019-08-24,"1,83",18000000,15000000,0.8333333333333334,2019
Berkay Özcan,2019-07-01,"1,92",1500000,2500000,1.6666666666666667,2019
Adam Armstrong,2018-08-06,"1,83",1900000,1500000,0.7894736842105263,2018
Alexander Djiku,2017-07-11,"1,92",2000000,1250000,0.625,2017
Enes Ünal,2017-07-01,"1,92",14000000,10000000,0.7142857142857143,2017
Enes Ünal,2020-08-12,"1,83",9000000,8000000,0.8888888888888888,2020
Tyrone Mings,2015-07-01,"1,92",11300000,3000000,0.26548672566371684,2015
Wesley Hoedt,2017-08-22,"1,83",16000000,7500000,0.46875,2017
Raphael Dwamena,2018-08-07,"1,83",6200000,2500000,0.4032258064516129,2018
Romain Philippoteaux,2017-07-06,"1,92",850000,2000000,2.3529411764705883,2017
Samir,2016-01-13,"1,92",4000000,4500000,1.125,2016
Alex Telles,2016-07-12,"1,92",7350000,8500000,1.1564625850340136,2016
DeAndre Yedlin,2016-08-24,"1,83",5900000,3000000,0.5084745762711864,2016
Nicolò Barella,2020-09-01,"1,75",28000000,50000000,1.7857142857142858,2020
Joe Gomez,2015-07-01,"1,92",4900000,2500000,0.5102040816326531,2015
Emil Audero,2019-07-01,"1,92",20000000,15000000,0.75,2019
Filippo Romagna,2020-09-17,"1,75",4000000,4500000,1.125,2020
Luka Jovic,2016-01-25,"1,42",2000000,1750000,0.875,2016
Luka Jovic,2019-07-01,"1,92",22335000,60000000,2.6863666890530555,2019
Amir Rrahmani,2019-07-01,"1,92",2100000,1500000,0.7142857142857143,2019
Renato Sanches,2019-08-23,"1,83",20000000,18000000,0.9,2019
Kasey Palmer,2019-08-01,"1,83",3800000,1500000,0.39473684210526316,2019
Chang-hoon Kwon,2019-07-01,"1,92",3000000,5500000,1.8333333333333333,2019
Rade Krunic,2019-07-08,"1,92",8000000,8000000,1,2019
Jiri Pavlenka,2017-07-01,"1,92",3000000,1500000,0.5,2017
Ui-jo Hwang,2019-07-14,"1,42",2000000,1600000,0.8,2019
Filip Krovinovic,2017-07-01,"1,92",3500000,2000000,0.5714285714285714,2017
Timothy Castagne,2020-09-03,"1,75",24000000,18000000,0.75,2020
Maximilian Wöber,2019-07-01,"1,92",10500000,10000000,0.9523809523809523,2019
Víctor Camarasa,2017-07-01,"1,92",7000000,5000000,0.7142857142857143,2017
Firmin Mubele,2018-07-01,"1,92",5000000,6000000,1.2,2018
Youssef Aït Bennasser,2016-07-01,"1,92",3000000,2000000,0.6666666666666666,2016
Benjamin Bourigeaud,2017-07-01,"1,92",3500000,1750000,0.5,2017
Marcus Ingvartsen,2017-07-12,"1,92",4950000,1750000,0.35353535353535354,2017
Marcus Ingvartsen,2019-07-01,"1,92",1500000,1500000,1,2019
Serhou Guirassy,2019-07-01,"1,92",6000000,3500000,0.5833333333333334,2019
Serhou Guirassy,2020-08-27,"1,83",15000000,8000000,0.5333333333333333,2020
Milos Vulic,2020-09-05,"1,25",800000,1600000,2,2020
Issa Diop,2018-07-01,"1,92",25000000,22000000,0.88,2018
Arnaud Lusamba,2016-07-19,"1,92",2500000,2000000,0.8,2016
Jérôme Onguéné,2017-01-31,"1,33",2500000,1500000,0.6,2017
Jérôme Onguéné,2018-07-01,"1,92",2000000,2500000,1.25,2018
José Naranjo,2018-07-27,"1,92",400000,1500000,3.75,2018
Jamiro Monteiro,2018-07-28,"1,92",3000000,1750000,0.5833333333333334,2018
Jamiro Monteiro,2020-01-10,"1,42",1800000,1900000,1.0555555555555556,2020
Miguel Almirón,2019-01-31,"1,92",24000000,15000000,0.625,2019
Marlon,2018-08-16,"1,83",6000000,10000000,1.6666666666666667,2018
Ivan Saponjic,2016-01-12,"1,42",3000000,1300000,0.43333333333333335,2016
Emanuel Mammana,2016-07-06,"1,42",8500000,7000000,0.8235294117647058,2016
Kieffer Moore,2020-08-13,"1,83",2200000,2000000,0.9090909090909091,2020
Jorginho,2017-07-01,"1,92",1000000,1500000,1.5,2017
Jason Denayer,2018-08-21,"1,83",10000000,3000000,0.3,2018
Renato Tapia,2016-01-27,"1,42",1500000,2000000,1.3333333333333333,2016
Felix Uduokhai,2020-07-01,"1,92",7000000,6800000,0.9714285714285714,2020
Cristian Espinoza,2020-01-01,"1,42",2300000,1500000,0.6521739130434783,2020
Seung-woo Lee,2019-08-30,"1,83",1200000,1700000,1.4166666666666667,2019
Vincent Sierro,2019-07-01,"1,92",1500000,3000000,2,2019
Ivi López,2017-08-07,"1,83",1200000,1500000,1.25,2017
Giovanni Simeone,2020-09-01,"1,75",12000000,15000000,1.25,2020
Emiliano Rigoni,2017-08-23,"1,83",9000000,7000000,0.7777777777777778,2017
Lukas Klünter,2018-07-01,"1,92",2000000,3000000,1.5,2018
Carles Pérez,2020-09-01,"1,75",11000000,9000000,0.8181818181818182,2020
Noah Sarenren Bazee,2019-07-01,"1,92",1700000,1250000,0.7352941176470589,2019
Ignacio Pussetto,2018-07-17,"1,92",8000000,7000000,0.875,2018
Jonathan Calleri,2016-01-18,"1,92",11000000,7500000,0.6818181818181818,2016
Marc Cucurella,2019-07-01,"1,92",2000000,10000000,5,2019
Baptiste Santamaria,2020-09-17,"1,75",10000000,7000000,0.7,2020
Krystian Bielik,2019-08-02,"1,83",8200000,2000000,0.24390243902439024,2019
Alfie Mawson,2018-08-02,"1,83",16850000,15000000,0.8902077151335311,2018
Mohamed Fares,2019-07-01,"1,92",3500000,6000000,1.7142857142857142,2019
Mohamed Fares,2020-10-01,"1,67",8000000,7000000,0.875,2020
Antonino La Gumina,2021-07-01,"1,92",5500000,3000000,0.5454545454545454,2021
Ousmane Dembélé,2016-07-01,"1,92",15000000,12000000,0.8,2016
Jeremiah St. Juste,2019-08-07,"1,83",8000000,7500000,0.9375,2019
Donny van de Beek,2020-09-02,"1,75",39000000,44000000,1.1282051282051282,2020
Adrián Embarba,2020-01-23,"1,42",10000000,4000000,0.4,2020
Alexandre Mendy,2017-07-01,"1,92",600000,1250000,2.0833333333333335,2017
Sada Thioub,2019-07-23,"1,92",3500000,5500000,1.5714285714285714,2019
Enzo Crivelli,2017-07-01,"1,92",4000000,4000000,1,2017
Enzo Crivelli,2019-07-29,"1,92",2700000,4000000,1.4814814814814814,2019
Cédric Yambéré,2017-07-01,"1,92",500000,2000000,4,2017
Jordan Hugill,2020-08-24,"1,83",3300000,5500000,1.6666666666666667,2020
Dimitrios Nikolaou,2019-07-01,"1,92",4000000,2500000,0.625,2019
Jacob Bruun Larsen,2020-01-31,"1,33",9000000,12000000,1.3333333333333333,2020
Dani Olmo,2020-01-25,"1,42",21000000,35000000,1.6666666666666667,2020
Josh Brownhill,2020-01-30,"1,42",10000000,4500000,0.45,2020
Thiago Maia,2017-07-25,"1,92",14000000,3000000,0.21428571428571427,2017
Souleyman Doumbia,2020-07-08,"1,92",3000000,1600000,0.5333333333333333,2020
Luca Itter,2019-07-01,"1,92",2500000,2000000,0.8,2019
Fodé Ballo-Touré,2019-01-10,"1,42",11000000,7000000,0.6363636363636364,2019
Marco Asensio,2015-07-01,"1,92",3500000,3500000,1,2015
Ezequiel Ponce,2015-08-31,"1,33",4200000,6000000,1.4285714285714286,2015
Joe Rodon,2020-10-16,"1,67",12100000,7000000,0.5785123966942148,2020
Oliver McBurnie,2019-08-02,"1,83",19100000,8000000,0.418848167539267,2019
Naby Keïta,2018-07-01,"1,92",60000000,65000000,1.0833333333333333,2018
Ionuț Radu,2019-07-12,"1,92",10600000,15000000,1.4150943396226414,2019
Nuno Da Costa,2020-01-29,"1,42",2000000,3500000,1.75,2020
Rolando Mandragora,2018-07-26,"1,92",20000000,10000000,0.5,2018
Lennart Czyborra,2020-01-22,"1,42",4600000,2000000,0.43478260869565216,2020
Kai Havertz,2020-09-04,"1,75",80000000,81000000,1.0125,2020
Otávio,2017-08-08,"1,75",5000000,4000000,0.8,2017
Karlan Grant,2020-10-15,"1,67",16500000,6500000,0.3939393939393939,2020
Reece Oxford,2019-08-02,"1,83",2000000,4000000,2,2019
Obbi Oulare,2019-07-01,"1,92",3400000,1800000,0.5294117647058824,2019
Pedro Pereira,2017-01-30,"1,42",2655000,2000000,0.7532956685499058,2017
Karl Toko Ekambi,2018-07-01,"1,92",18000000,18000000,1,2018
Diadié Samassékou,2019-08-15,"1,83",14000000,20000000,1.4285714285714286,2019
Christian Pulisic,2019-01-02,"1,42",64000000,50000000,0.78125,2019
Andrija Balic,2016-02-01,"1,92",3000000,3500000,1.1666666666666667,2016
Olivier Boscagli,2019-07-17,"1,92",2000000,3000000,1.5,2019
Jakub Jankto,2019-07-01,"1,92",14500000,12000000,0.8275862068965517,2019
Mathias Jensen,2018-08-08,"1,83",5000000,1500000,0.3,2018
Jean-Victor Makengo,2020-10-05,"1,67",3500000,3600000,1.0285714285714285,2020
Matheus,2020-08-04,"1,83",8000000,1300000,0.1625,2020
Walace,2017-01-30,"1,42",9200000,9000000,0.9782608695652174,2017
Fabio Depaoli,2019-07-01,"1,92",4500000,5000000,1.1111111111111112,2019
Bernard Mensah,2019-07-04,"1,92",2800000,2300000,0.8214285714285714,2019
Yann Karamoh,2018-07-01,"1,92",6500000,7000000,1.0769230769230769,2018
Marvelous Nakamba,2019-08-01,"1,83",12000000,6500000,0.5416666666666666,2019
Emanuel Cecchini,2017-07-27,"1,92",4600000,1750000,0.3804347826086957,2017
Matthijs de Ligt,2019-07-18,"1,92",85500000,75000000,0.8771929824561403,2019
Ridle Baku,2020-10-01,"1,67",10000000,7000000,0.7,2020
Jaroslaw Jach,2018-01-23,"1,42",2750000,2000000,0.7272727272727273,2018
Smail Prevljak,2020-08-31,"1,75",2000000,2000000,1,2020
Jordi Mboula,2020-09-17,"1,75",1700000,1800000,1.0588235294117647,2020
Takehiro Tomiyasu,2019-07-09,"1,92",9000000,9000000,1,2019
Emmanuel Boateng,2017-08-16,"1,83",2000000,1500000,0.75,2017
Sander Berge,2020-01-30,"1,42",24000000,22000000,0.9166666666666666,2020
Kevin Diks,2016-07-06,"1,92",2900000,1500000,0.5172413793103449,2016
Giuseppe Pezzella,2020-09-01,"1,75",6450000,3500000,0.5426356589147286,2020
Umar Sadiq,2020-01-30,"1,42",2000000,2500000,1.25,2020
Konstantinos Tsimikas,2020-08-10,"1,83",13000000,9000000,0.6923076923076923,2020
Mikel Merino,2016-07-01,"1,92",3750000,2000000,0.5333333333333333,2016
Álex Berenguer,2020-10-02,"1,67",10500000,6000000,0.5714285714285714,2020
Sebastiaan Bornauw,2019-08-06,"1,83",6000000,4000000,0.6666666666666666,2019
Stephy Mavididi,2020-07-01,"1,92",6300000,3600000,0.5714285714285714,2020
Diogo Jota,2020-09-19,"1,75",44700000,28000000,0.6263982102908278,2020
Oliver Burke,2020-09-09,"1,75",6500000,4800000,0.7384615384615385,2020
Gerson,2019-07-12,"1,92",11800000,13000000,1.1016949152542372,2019
Irvin Cardona,2019-08-12,"1,83",1500000,1500000,1,2019
Nicolas Pépé,2017-07-01,"1,92",10000000,3000000,0.3,2017
Yassine Benrahou,2020-07-01,"1,92",1500000,2700000,1.8,2020
Dayot Upamecano,2017-01-13,"1,42",10000000,5000000,0.5,2017
Habib Diallo,2020-10-05,"1,67",10000000,12000000,1.2,2020
Guilherme Arana,2018-01-01,"1,92",11000000,10000000,0.9090909090909091,2018
Jerdy Schouten,2019-07-05,"1,92",2150000,2000000,0.9302325581395349,2019
Giovani Lo Celso,2016-07-26,"1,92",10000000,7500000,0.75,2016
Giovani Lo Celso,2019-07-01,"1,92",22000000,50000000,2.272727272727273,2019
Alexander Isak,2017-01-23,"1,92",8600000,1750000,0.20348837209302326,2017
Antonee Robinson,2020-08-20,"1,83",2100000,3500000,1.6666666666666667,2020
Fabián Ruiz,2018-07-05,"1,92",30000000,20000000,0.6666666666666666,2018
Ismaël Bennacer,2019-08-04,"1,83",16000000,12000000,0.75,2019
Matheus Fernandes,2019-01-01,"1,92",4000000,2000000,0.5,2019
Benjamin Pavard,2019-07-01,"1,92",35000000,30000000,0.8571428571428571,2019
Mert Müldür,2019-08-20,"1,83",3900000,3000000,0.7692307692307693,2019
Rodrigo Bentancur,2017-07-01,"1,42",12500000,6000000,0.48,2017
Florian Sotoca,2019-07-01,"1,92",1100000,1250000,1.1363636363636365,2019
Jordan Siebatcheu,2018-07-01,"1,92",9000000,2500000,0.2777777777777778,2018
Amadou Diawara,2019-07-01,"1,92",21000000,15000000,0.7142857142857143,2019
Arnaut Danjuma,2018-07-01,"1,92",2800000,1500000,0.5357142857142857,2018
Alban Lafont,2018-07-02,"1,92",8000000,18000000,2.25,2018
Fernando Calero,2019-08-09,"1,83",8000000,10000000,1.25,2019
Pablo Fornals,2017-07-24,"1,92",12000000,10000000,0.8333333333333334,2017
Yordan Osorio,2020-10-05,"1,67",4000000,2500000,0.625,2020
Ritsu Doan,2019-08-30,"1,83",7500000,10000000,1.3333333333333333,2019
Sergiño Dest,2020-10-01,"1,67",21000000,18000000,0.8571428571428571,2020
Ozan Kabak,2019-01-17,"1,42",11000000,6500000,0.5909090909090909,2019
Pietro Pellegri,2018-01-27,"1,42",20900000,8000000,0.3827751196172249,2018
Moussa Koné,2018-01-30,"1,42",2160000,1500000,0.6944444444444444,2018
Fousseni Diabaté,2020-09-25,"1,75",1573170,2200000,1.3984502628450834,2020
Riccardo Orsolini,2019-07-01,"1,92",15000000,15000000,1,2019
Ádám Nagy,2016-07-14,"1,92",1800000,1500000,0.8333333333333334,2016
Ádám Nagy,2019-08-08,"1,83",2000000,2000000,1,2019
Timothy Weah,2019-07-01,"1,92",10000000,6000000,0.6,2019
Stanley Nsoki,2019-08-31,"1,75",12500000,8500000,0.68,2019
Vinícius Júnior,2018-07-12,"1,00",45000000,35000000,0.7777777777777778,2018
Florian Ayé,2019-07-05,"1,92",2000000,4000000,2,2019
Pierre Lees Melou,2017-07-01,"1,92",4000000,2500000,0.625,2017
Alexis Saelemaekers,2020-09-01,"1,75",3500000,8000000,2.2857142857142856,2020
Alexis Claude-Maurice,2019-08-29,"1,83",13000000,7500000,0.5769230769230769,2019
Lassana Coulibaly,2017-07-05,"1,92",2000000,1250000,0.625,2017
Szymon Zurkowski,2019-01-28,"1,42",3700000,4000000,1.0810810810810811,2019
Jacob Lungi Sörensen,2020-07-27,"1,42",1100000,1300000,1.1818181818181819,2020
Casimir Ninga,2018-07-04,"1,92",2000000,1500000,0.75,2018
Charles Traoré,2018-08-31,"1,75",500000,2000000,4,2018
Rémi Oudin,2020-01-09,"1,42",10000000,11000000,1.1,2020
Exequiel Palacios,2020-01-01,"1,42",17000000,25000000,1.4705882352941178,2020
Jules Keita,2019-09-02,"1,75",1500000,2000000,1.3333333333333333,2019
Ademola Lookman,2019-07-25,"1,92",18000000,20000000,1.1111111111111112,2019
Lautaro Martínez,2018-07-04,"1,92",25000000,25000000,1,2018
Ismaïla Sarr,2019-08-08,"1,83",30000000,30000000,1,2019
Justin Hoogma,2017-07-01,"1,92",2700000,1500000,0.5555555555555556,2017
Kévin Fortuné,2019-08-22,"1,83",400000,1500000,3.75,2019
Quentin Boisgard,2020-07-02,"1,92",2000000,1600000,0.8,2020
Bryan Mbeumo,2019-08-05,"1,83",6500000,3500000,0.5384615384615384,2019
Ezri Konsa,2019-07-11,"1,92",13300000,3500000,0.2631578947368421,2019
Amine Gouiri,2020-07-01,"1,92",7000000,4000000,0.5714285714285714,2020
Bernard Tekpetey,2019-07-01,"1,92",2500000,2500000,1,2019
Santiago Ascacíbar,2017-08-22,"1,83",6000000,7500000,1.25,2017
Fran Beltrán,2018-08-01,"1,83",8000000,2000000,0.25,2018
Samuel Kalu,2018-08-06,"1,83",8500000,5000000,0.5882352941176471,2018
Mathias Pereira Lage,2019-07-30,"1,92",1500000,1500000,1,2019
Paulinho,2018-07-15,"1,42",18500000,25000000,1.3513513513513513,2018
Nana Ampomah,2019-07-11,"1,92",2800000,2500000,0.8928571428571429,2019
Pedro,2019-09-02,"1,83",11000000,18000000,1.6363636363636365,2019
Youssef En-Nesyri,2018-08-17,"1,83",6000000,1800000,0.3,2018
Martin Terrier,2018-01-26,"1,42",11000000,12000000,1.0909090909090908,2018
Martin Terrier,2020-07-06,"1,92",12000000,10500000,0.875,2020
Marc Cardona,2019-07-01,"1,92",2500000,1500000,0.6,2019
Lucas Paquetá,2019-01-03,"1,92",38400000,15000000,0.390625,2019
Patrick Burner,2020-09-25,"1,75",1500000,3200000,2.1333333333333333,2020
Dylan Bronn,2020-01-03,"1,42",4000000,5000000,1.25,2020
Tanguy Ndombélé,2018-07-01,"1,92",8000000,25000000,3.125,2018
Dominik Szoboszlai,2021-01-01,"1,33",20000000,25000000,1.25,2021
Adama Diakhaby,2017-08-02,"1,83",10000000,1500000,0.15,2017
Jayden Bogle,2020-09-07,"1,75",3850000,6300000,1.6363636363636365,2020
Juan Brunetta,2019-07-01,"1,92",1700000,1750000,1.0294117647058822,2019
Facundo Medina,2020-07-02,"1,42",3500000,4500000,1.2857142857142858,2020
Lloyd Kelly,2019-07-01,"1,92",14800000,9000000,0.6081081081081081,2019
Nicolás González,2018-07-10,"1,92",8500000,5000000,0.5882352941176471,2018
Jérémy Doku,2020-10-05,"1,67",26000000,9000000,0.34615384615384615,2020
Musa Barrow,2021-07-01,"1,92",13000000,18000000,1.3846153846153846,2021
Stephen Odey,2019-07-01,"1,92",3500000,2000000,0.5714285714285714,2019
Nicolás Domínguez,2019-08-30,"1,83",8475000,12500000,1.4749262536873156,2019
Claudio Spinelli,2018-07-15,"1,92",3600000,4000000,1.1111111111111112,2018
Fábio Silva,2020-09-05,"1,75",40000000,12000000,0.3,2020
Darian Males,2020-09-16,"1,75",2500000,2000000,0.8,2020
Lazar Samardzic,2020-09-08,"1,75",500000,1500000,3,2020
Han-Noah Massengo,2019-08-05,"1,83",8000000,2500000,0.3125,2019
Mikkel Damsgaard,2020-09-01,"1,75",6500000,6500000,1,2020
Illan Meslier,2020-07-27,"1,92",6500000,4500000,0.6923076923076923,2020
Jack Clarke,2019-07-02,"1,92",11000000,6000000,0.5454545454545454,2019
Christian Oliva,2019-07-01,"1,00",5000000,5000000,1,2019
Mohammed Salisu,2020-08-12,"1,83",12000000,12000000,1,2020
Gonçalo Cardoso,2019-08-06,"1,83",3000000,2500000,0.8333333333333334,2019
Silas Wamangituka,2019-08-13,"1,83",8000000,3000000,0.375,2019
João Pedro,2020-01-01,"1,42",4000000,20000000,5,2020
Filip Stevanovic,2021-01-01,"1,42",8500000,8000000,0.9411764705882353,2021
